collection_name,dataset_title,total_cell_count,author_cell_type,embedding,first_author,journal,year,doi,collection_url,explorer_url,tissue,disease,collection_id,collection_version_id,dataset_id,dataset_version_id,is_preprint,revised_at,visibility,organism,filter_normal,metric,save_scores,save_cluster_summary,save_annotation,h5ad_url
Single cell transcriptional and chromatin accessibility profiling redefine cellular heterogeneity in the adult human kidney,Single cell transcriptional and chromatin accessibility profiling redefine cellular heterogeneity in the adult human kidney - RNAseq,19985,,,Muto,Nat Commun,2021.0,,https://cellxgene.cziscience.com/collections/9b02383a-9358-4f0f-9795-a891ec523bcc,https://cellxgene.cziscience.com/e/9df60c57-fdf3-4e93-828e-fe9303f20438.cxg/,cortex of kidney,normal,9b02383a-9358-4f0f-9795-a891ec523bcc,d4932ca7-a406-48df-bbea-40d10559ccb9,9df60c57-fdf3-4e93-828e-fe9303f20438,ff2e21de-0848-4346-8f8b-4e1741ec4b39,False,,PUBLIC,Homo sapiens,True,euclidean,True,True,True,https://datasets.cellxgene.cziscience.com/ff2e21de-0848-4346-8f8b-4e1741ec4b39.h5ad
Single cell transcriptional and chromatin accessibility profiling redefine cellular heterogeneity in the adult human kidney,Single cell transcriptional and chromatin accessibility profiling redefine cellular heterogeneity in the adult human kidney - ATACseq,27034,,,Muto,Nat Commun,2021.0,,https://cellxgene.cziscience.com/collections/9b02383a-9358-4f0f-9795-a891ec523bcc,https://cellxgene.cziscience.com/e/13a027de-ea3e-432b-9a5e-6bc7048498fc.cxg/,cortex of kidney,normal,9b02383a-9358-4f0f-9795-a891ec523bcc,d4932ca7-a406-48df-bbea-40d10559ccb9,13a027de-ea3e-432b-9a5e-6bc7048498fc,43513175-baf7-4881-9564-c4daa2416026,False,,PUBLIC,Homo sapiens,True,euclidean,True,True,True,https://datasets.cellxgene.cziscience.com/43513175-baf7-4881-9564-c4daa2416026.h5ad
Single-cell transcriptomics reveals gene expression dynamics of human fetal kidney development,Cells of the human fetal kidney,17962,,,Hochane,PLoS Biol,2019.0,,https://cellxgene.cziscience.com/collections/981b0c87-76d0-4edf-b201-58c52b5cd2f0,https://cellxgene.cziscience.com/e/8dc29642-be06-46dc-a289-8075915745d4.cxg/,kidney,normal,981b0c87-76d0-4edf-b201-58c52b5cd2f0,a661f222-d3e7-48b9-b081-1090928415a6,8dc29642-be06-46dc-a289-8075915745d4,b0503d37-f734-4b5c-b3b0-35c877e0c636,False,,PUBLIC,Homo sapiens,True,euclidean,True,True,True,https://datasets.cellxgene.cziscience.com/b0503d37-f734-4b5c-b3b0-35c877e0c636.h5ad
Automatic cell-type harmonization and integration across Human Cell Atlas datasets,Kidney,194504,,,Xu,Cell,2023.0,,https://cellxgene.cziscience.com/collections/854c0855-23ad-4362-8b77-6b1639e7a9fc,https://cellxgene.cziscience.com/e/f95d8919-1f2a-405f-8776-bfecc0ab0f3f.cxg/,cortex of kidney | kidney | renal medulla | renal papilla | renal pelvis,normal,854c0855-23ad-4362-8b77-6b1639e7a9fc,bf868bea-52be-443c-bbce-bb35249085b9,f95d8919-1f2a-405f-8776-bfecc0ab0f3f,26d15fe5-5e25-4649-bdf1-07814871ffd1,False,,PUBLIC,Homo sapiens,True,euclidean,True,True,True,https://datasets.cellxgene.cziscience.com/26d15fe5-5e25-4649-bdf1-07814871ffd1.h5ad
Multimodal single cell sequencing implicates chromatin accessibility and genetic background in diabetic kidney disease progression,Human kidney cortex snRNA-seq data from donors with and without diabetic kidney disease,39176,,,Wilson,Nat Commun,2022.0,,https://cellxgene.cziscience.com/collections/b3e2c6e3-9b05-4da9-8f42-da38a664b45b,https://cellxgene.cziscience.com/e/e067e5ca-e53e-485f-aa8e-efd5435229c8.cxg/,cortex of kidney,normal | type 2 diabetes mellitus,b3e2c6e3-9b05-4da9-8f42-da38a664b45b,554b5b3f-a7cb-4166-9dc0-d3ea2e317ec7,e067e5ca-e53e-485f-aa8e-efd5435229c8,46d8d92b-32e0-4ca5-9907-4dbf519c7fc3,False,,PUBLIC,Homo sapiens,True,euclidean,True,True,True,https://datasets.cellxgene.cziscience.com/46d8d92b-32e0-4ca5-9907-4dbf519c7fc3.h5ad
Multimodal single cell sequencing implicates chromatin accessibility and genetic background in diabetic kidney disease progression,Human kidney cortex snATAC-seq data from donors with and without diabetic kidney disease,37747,,,Wilson,Nat Commun,2022.0,,https://cellxgene.cziscience.com/collections/b3e2c6e3-9b05-4da9-8f42-da38a664b45b,https://cellxgene.cziscience.com/e/ad0bf220-dd49-4b71-bb5c-576fee675d2b.cxg/,cortex of kidney,normal | type 2 diabetes mellitus,b3e2c6e3-9b05-4da9-8f42-da38a664b45b,554b5b3f-a7cb-4166-9dc0-d3ea2e317ec7,ad0bf220-dd49-4b71-bb5c-576fee675d2b,fa0f9f5e-e7fb-42a4-a801-3410b0923ccc,False,,PUBLIC,Homo sapiens,True,euclidean,True,True,True,https://datasets.cellxgene.cziscience.com/fa0f9f5e-e7fb-42a4-a801-3410b0923ccc.h5ad
Mapping the developing human immune system across organs,Full dataset of single-cell RNA-seq profiles from 9 developmental tissues across gestation (4-17 pcw),908046,,,Suo,Science,2022.0,,https://cellxgene.cziscience.com/collections/b1a879f6-5638-48d3-8f64-f6592c1b1561,https://cellxgene.cziscience.com/e/fd072bc3-2dfb-46f8-b4e3-467cb3223182.cxg/,bone marrow | gut wall | kidney | liver | mesenteric lymph node | skin of body | spleen | thymus | yolk sac,normal,b1a879f6-5638-48d3-8f64-f6592c1b1561,915b5425-ac92-470a-a975-d5e00d11ff7f,fd072bc3-2dfb-46f8-b4e3-467cb3223182,4eb0a1aa-216c-4f22-93ab-85e95ed70cbb,False,,PUBLIC,Homo sapiens,True,euclidean,True,True,True,https://datasets.cellxgene.cziscience.com/4eb0a1aa-216c-4f22-93ab-85e95ed70cbb.h5ad
Mapping the developing human immune system across organs,Stromal cells (all non-immune cells),318656,,,Suo,Science,2022.0,,https://cellxgene.cziscience.com/collections/b1a879f6-5638-48d3-8f64-f6592c1b1561,https://cellxgene.cziscience.com/e/d0c12af4-c0e4-4c7b-873a-70752b449689.cxg/,bone marrow | gut wall | kidney | liver | mesenteric lymph node | skin of body | spleen | thymus | yolk sac,normal,b1a879f6-5638-48d3-8f64-f6592c1b1561,915b5425-ac92-470a-a975-d5e00d11ff7f,d0c12af4-c0e4-4c7b-873a-70752b449689,f8d58f15-cbb7-47e3-a531-0975dab5d683,False,,PUBLIC,Homo sapiens,True,euclidean,True,True,True,https://datasets.cellxgene.cziscience.com/f8d58f15-cbb7-47e3-a531-0975dab5d683.h5ad
Mapping the developing human immune system across organs,NK/T cells,172175,,,Suo,Science,2022.0,,https://cellxgene.cziscience.com/collections/b1a879f6-5638-48d3-8f64-f6592c1b1561,https://cellxgene.cziscience.com/e/aa633105-e8e5-4dcc-b72d-6da6c191b3e9.cxg/,bone marrow | gut wall | kidney | liver | mesenteric lymph node | skin of body | spleen | thymus | yolk sac,normal,b1a879f6-5638-48d3-8f64-f6592c1b1561,915b5425-ac92-470a-a975-d5e00d11ff7f,aa633105-e8e5-4dcc-b72d-6da6c191b3e9,17a834aa-594c-41e1-bc8f-20ed161e4c9b,False,,PUBLIC,Homo sapiens,True,euclidean,True,True,True,https://datasets.cellxgene.cziscience.com/17a834aa-594c-41e1-bc8f-20ed161e4c9b.h5ad
Mapping the developing human immune system across organs,Megakaryocyte/erythroid cells,149107,,,Suo,Science,2022.0,,https://cellxgene.cziscience.com/collections/b1a879f6-5638-48d3-8f64-f6592c1b1561,https://cellxgene.cziscience.com/e/804d9a85-665b-45c6-b204-13457fdcc7ac.cxg/,bone marrow | gut wall | kidney | liver | mesenteric lymph node | skin of body | spleen | thymus | yolk sac,normal,b1a879f6-5638-48d3-8f64-f6592c1b1561,915b5425-ac92-470a-a975-d5e00d11ff7f,804d9a85-665b-45c6-b204-13457fdcc7ac,90dafd1b-d134-40eb-a18a-752abd1c6849,False,,PUBLIC,Homo sapiens,True,euclidean,True,True,True,https://datasets.cellxgene.cziscience.com/90dafd1b-d134-40eb-a18a-752abd1c6849.h5ad
Mapping the developing human immune system across organs,HSC/progenitor cells,40420,,,Suo,Science,2022.0,,https://cellxgene.cziscience.com/collections/b1a879f6-5638-48d3-8f64-f6592c1b1561,https://cellxgene.cziscience.com/e/6a30bf44-c490-41ac-965b-0bb58432b10a.cxg/,bone marrow | gut wall | kidney | liver | mesenteric lymph node | skin of body | spleen | thymus | yolk sac,normal,b1a879f6-5638-48d3-8f64-f6592c1b1561,915b5425-ac92-470a-a975-d5e00d11ff7f,6a30bf44-c490-41ac-965b-0bb58432b10a,9e4cfd3f-b199-4df3-b5e6-e7555df49be0,False,,PUBLIC,Homo sapiens,True,euclidean,True,True,True,https://datasets.cellxgene.cziscience.com/9e4cfd3f-b199-4df3-b5e6-e7555df49be0.h5ad
Mapping the developing human immune system across organs,HSC/immune cells (all hematopoietic-derived cells),589390,,,Suo,Science,2022.0,,https://cellxgene.cziscience.com/collections/b1a879f6-5638-48d3-8f64-f6592c1b1561,https://cellxgene.cziscience.com/e/48101fa2-1a63-4514-b892-53ea1d3a8657.cxg/,bone marrow | gut wall | kidney | liver | mesenteric lymph node | skin of body | spleen | thymus | yolk sac,normal,b1a879f6-5638-48d3-8f64-f6592c1b1561,915b5425-ac92-470a-a975-d5e00d11ff7f,48101fa2-1a63-4514-b892-53ea1d3a8657,5046093f-06c5-4bc6-bbf6-050ce839b296,False,,PUBLIC,Homo sapiens,True,euclidean,True,True,True,https://datasets.cellxgene.cziscience.com/5046093f-06c5-4bc6-bbf6-050ce839b296.h5ad
Mapping the developing human immune system across organs,Lymphoid cells,239698,,,Suo,Science,2022.0,,https://cellxgene.cziscience.com/collections/b1a879f6-5638-48d3-8f64-f6592c1b1561,https://cellxgene.cziscience.com/e/3affa268-8a74-460a-ac9b-a984c0832469.cxg/,bone marrow | gut wall | kidney | liver | mesenteric lymph node | skin of body | spleen | thymus | yolk sac,normal,b1a879f6-5638-48d3-8f64-f6592c1b1561,915b5425-ac92-470a-a975-d5e00d11ff7f,3affa268-8a74-460a-ac9b-a984c0832469,bc65cd6f-bb6d-49e6-864f-2c7f2044809e,False,,PUBLIC,Homo sapiens,True,euclidean,True,True,True,https://datasets.cellxgene.cziscience.com/bc65cd6f-bb6d-49e6-864f-2c7f2044809e.h5ad
Mapping the developing human immune system across organs,Myeloid cells,218758,,,Suo,Science,2022.0,,https://cellxgene.cziscience.com/collections/b1a879f6-5638-48d3-8f64-f6592c1b1561,https://cellxgene.cziscience.com/e/2aa1c93c-4ef3-4e9a-98e7-0bd37933953c.cxg/,bone marrow | gut wall | kidney | liver | mesenteric lymph node | skin of body | spleen | thymus | yolk sac,normal,b1a879f6-5638-48d3-8f64-f6592c1b1561,915b5425-ac92-470a-a975-d5e00d11ff7f,2aa1c93c-4ef3-4e9a-98e7-0bd37933953c,f049cd2f-1a02-4802-9f1b-9c91416b955f,False,,PUBLIC,Homo sapiens,True,euclidean,True,True,True,https://datasets.cellxgene.cziscience.com/f049cd2f-1a02-4802-9f1b-9c91416b955f.h5ad
Tabula Sapiens,Tabula Sapiens - Immune,592317,,,,Science,2022.0,,https://cellxgene.cziscience.com/collections/e5f58829-1a66-40b5-a624-9046778e74f5,https://cellxgene.cziscience.com/e/c5d88abe-f23a-45fa-a534-788985e93dad.cxg/,abdominal aorta | adipose tissue | anterior part of tongue | anterior segment of eyeball | aorta | ascending colon | bladder organ | blood | bone marrow | brown adipose tissue | buccal mucosa | cardiac atrium | cardiac ventricle | chorioretinal region | conjunctiva | cornea | coronary artery | cortex of kidney | crista ampullaris | duodenum | endocrine pancreas | endometrium | exocrine pancreas | eye | eyelid | heart | heart right ventricle | ileum | inferior vena cava | inguinal lymph node | jejunum | kidney | lacrimal gland | large intestine | left coronary artery | left ovary | liver | lung | lymph node | mammary gland | mesenteric lymph node | mucosa of stomach | muscle of abdomen | muscle of pelvic diaphragm | muscularis mucosae of stomach | myometrium | ocular surface region | ovary | parotid gland | posterior part of tongue | posterior segment of eyeball | prostate gland | retinal neural layer | right cardiac atrium | right ovary | sclera | sigmoid colon | skin of abdomen | skin of body | skin of chest | small intestine | spleen | stomach | stomach smooth muscle | subcutaneous adipose tissue | sublingual gland | submandibular gland | testis | thoracic aorta | thymus | trachea | uterus | utricle of membranous labyrinth | vasculature,normal,e5f58829-1a66-40b5-a624-9046778e74f5,6648d872-8ab3-4b3e-967f-9397f31aa98f,c5d88abe-f23a-45fa-a534-788985e93dad,e62b0182-368f-4875-8ac1-f49e3d5eda60,False,,PUBLIC,Homo sapiens,True,euclidean,True,True,True,https://datasets.cellxgene.cziscience.com/e62b0182-368f-4875-8ac1-f49e3d5eda60.h5ad
Tabula Sapiens,Tabula Sapiens - Epithelium,228032,,,,Science,2022.0,,https://cellxgene.cziscience.com/collections/e5f58829-1a66-40b5-a624-9046778e74f5,https://cellxgene.cziscience.com/e/97a17473-e2b1-4f31-a544-44a60773e2dd.cxg/,anterior part of tongue | anterior segment of eyeball | ascending colon | bladder organ | buccal mucosa | cardiac atrium | cardiac ventricle | chorioretinal region | conjunctiva | cornea | cortex of kidney | crista ampullaris | duodenum | endocrine pancreas | endometrium | exocrine pancreas | eye | eyelid | heart | heart right ventricle | ileum | jejunum | kidney | lacrimal gland | large intestine | left ovary | liver | lung | mammary gland | mucosa of stomach | muscle of abdomen | muscle of pelvic diaphragm | myometrium | ocular surface region | ovary | parotid gland | posterior part of tongue | posterior segment of eyeball | prostate gland | right ovary | sclera | sigmoid colon | skin of abdomen | skin of body | skin of chest | small intestine | stomach | stomach smooth muscle | sublingual gland | submandibular gland | testis | thymus | tongue | trachea | uterus | utricle of membranous labyrinth,normal,e5f58829-1a66-40b5-a624-9046778e74f5,6648d872-8ab3-4b3e-967f-9397f31aa98f,97a17473-e2b1-4f31-a544-44a60773e2dd,d785671f-3157-40cf-a035-e9ba0052d3b3,False,,PUBLIC,Homo sapiens,True,euclidean,True,True,True,https://datasets.cellxgene.cziscience.com/d785671f-3157-40cf-a035-e9ba0052d3b3.h5ad
Tabula Sapiens,Tabula Sapiens - Endothelium,73195,,,,Science,2022.0,,https://cellxgene.cziscience.com/collections/e5f58829-1a66-40b5-a624-9046778e74f5,https://cellxgene.cziscience.com/e/5a11f879-d1ef-458a-910c-9b0bdfca5ebf.cxg/,abdominal aorta | adipose tissue | anterior part of tongue | anterior segment of eyeball | aorta | ascending colon | bladder organ | bone marrow | brown adipose tissue | buccal mucosa | cardiac atrium | cardiac ventricle | chorioretinal region | conjunctiva | cornea | coronary artery | crista ampullaris | duodenum | endocrine pancreas | endometrium | exocrine pancreas | eye | eyelid | heart | heart right ventricle | ileum | inferior vena cava | inguinal lymph node | jejunum | kidney | lacrimal gland | large intestine | left coronary artery | left ovary | liver | lung | lymph node | mammary gland | mesenteric lymph node | mucosa of stomach | muscle of abdomen | muscle of pelvic diaphragm | myometrium | ovary | parotid gland | posterior part of tongue | posterior segment of eyeball | prostate gland | right cardiac atrium | right ovary | sclera | sigmoid colon | skin of abdomen | skin of body | skin of chest | small intestine | spleen | stomach | stomach smooth muscle | subcutaneous adipose tissue | sublingual gland | submandibular gland | testis | thoracic aorta | thymus | trachea | uterus | utricle of membranous labyrinth | vasculature,normal,e5f58829-1a66-40b5-a624-9046778e74f5,6648d872-8ab3-4b3e-967f-9397f31aa98f,5a11f879-d1ef-458a-910c-9b0bdfca5ebf,95e4fc1d-c70a-46ea-b459-661c238ddc8e,False,,PUBLIC,Homo sapiens,True,euclidean,True,True,True,https://datasets.cellxgene.cziscience.com/95e4fc1d-c70a-46ea-b459-661c238ddc8e.h5ad
Tabula Sapiens,Tabula Sapiens - All Cells,1136218,,,,Science,2022.0,,https://cellxgene.cziscience.com/collections/e5f58829-1a66-40b5-a624-9046778e74f5,https://cellxgene.cziscience.com/e/53d208b0-2cfd-4366-9866-c3c6114081bc.cxg/,abdominal aorta | adipose tissue | anterior part of tongue | anterior segment of eyeball | aorta | ascending colon | bladder organ | blood | bone marrow | brown adipose tissue | buccal mucosa | cardiac atrium | cardiac ventricle | chorioretinal region | conjunctiva | cornea | coronary artery | cortex of kidney | crista ampullaris | duodenum | endocrine pancreas | endometrium | exocrine pancreas | eye | eyelid | heart | heart right ventricle | ileum | inferior vena cava | inguinal lymph node | jejunum | kidney | lacrimal gland | large intestine | left coronary artery | left ovary | liver | lung | lymph node | mammary gland | mesenteric lymph node | mucosa of stomach | muscle of abdomen | muscle of pelvic diaphragm | muscularis mucosae of stomach | myometrium | ocular surface region | ovary | parotid gland | posterior part of tongue | posterior segment of eyeball | prostate gland | retinal neural layer | right cardiac atrium | right ovary | sclera | sigmoid colon | skin of abdomen | skin of body | skin of chest | small intestine | spleen | stomach | stomach smooth muscle | subcutaneous adipose tissue | sublingual gland | submandibular gland | testis | thoracic aorta | thymus | tongue | trachea | uterus | utricle of membranous labyrinth | vasculature,normal,e5f58829-1a66-40b5-a624-9046778e74f5,6648d872-8ab3-4b3e-967f-9397f31aa98f,53d208b0-2cfd-4366-9866-c3c6114081bc,5a495302-b7cd-4bf9-853e-95627b00bb03,False,,PUBLIC,Homo sapiens,True,euclidean,True,True,True,https://datasets.cellxgene.cziscience.com/5a495302-b7cd-4bf9-853e-95627b00bb03.h5ad
Tabula Sapiens,Tabula Sapiens - Kidney,11376,,,,Science,2022.0,,https://cellxgene.cziscience.com/collections/e5f58829-1a66-40b5-a624-9046778e74f5,https://cellxgene.cziscience.com/e/2423ce2c-3149-4cca-a2ff-cf682ea29b5f.cxg/,cortex of kidney | kidney,normal,e5f58829-1a66-40b5-a624-9046778e74f5,6648d872-8ab3-4b3e-967f-9397f31aa98f,2423ce2c-3149-4cca-a2ff-cf682ea29b5f,65ca6e36-73b0-4c88-b0f3-7b23b48844ad,False,,PUBLIC,Homo sapiens,True,euclidean,True,True,True,https://datasets.cellxgene.cziscience.com/65ca6e36-73b0-4c88-b0f3-7b23b48844ad.h5ad
Healthy living donor kidney,Living donor kidney,27675,,,McEvoy,Nat Commun,2022.0,,https://cellxgene.cziscience.com/collections/dc3a5256-5c39-4a21-ac0c-4ede3e7b2323,https://cellxgene.cziscience.com/e/0bae7ebf-eb54-46a6-be9a-3461cecefa4c.cxg/,cortex of kidney,normal,dc3a5256-5c39-4a21-ac0c-4ede3e7b2323,00ad21fb-7a07-48c2-8471-c24620cdf230,0bae7ebf-eb54-46a6-be9a-3461cecefa4c,6b3b10eb-11e7-4589-af2e-591d7401cfaa,False,,PUBLIC,Homo sapiens,True,euclidean,True,True,True,https://datasets.cellxgene.cziscience.com/6b3b10eb-11e7-4589-af2e-591d7401cfaa.h5ad
snRNA-seq of human kidney with ureteral obstruction,snRNA-seq of human kidney with ureteral obstruction,46957,,,Reck,Nat Commun,2025.0,,https://cellxgene.cziscience.com/collections/307ce143-7cc8-4813-99b1-3797834149c9,https://cellxgene.cziscience.com/e/867757c1-3b1a-49d9-a0cd-17767eb160cc.cxg/,kidney,normal | obstructive nephropathy,307ce143-7cc8-4813-99b1-3797834149c9,d74eb989-e8a9-46bb-b4c5-6668addb500a,867757c1-3b1a-49d9-a0cd-17767eb160cc,70ae5e5d-5a40-4ab7-b8dd-becc5dffd4ba,False,,PUBLIC,Homo sapiens,True,euclidean,True,True,True,https://datasets.cellxgene.cziscience.com/70ae5e5d-5a40-4ab7-b8dd-becc5dffd4ba.h5ad
Single-cell transcriptomes from human kidneys reveal the cellular identity of renal tumors,mature,40268,,,Young,Science,2018.0,,https://cellxgene.cziscience.com/collections/125eef58-0f61-4963-9b08-53e851ab65fb,https://cellxgene.cziscience.com/e/105c7dad-0468-4628-a5be-2bb42c6a8ae4.cxg/,cortex of kidney | kidney | kidney blood vessel | renal medulla | renal pelvis,normal,125eef58-0f61-4963-9b08-53e851ab65fb,60fca22c-e960-4d11-aecc-dc9e5b831ad8,105c7dad-0468-4628-a5be-2bb42c6a8ae4,b2699b7c-947c-4d88-8759-e5c05e57f337,False,,PUBLIC,Homo sapiens,True,euclidean,True,True,True,https://datasets.cellxgene.cziscience.com/b2699b7c-947c-4d88-8759-e5c05e57f337.h5ad
"Single-cell analyses of renal cell cancers reveal insights into tumor microenvironment, cell of origin, and therapy response","normal - Single-cell analyses of renal cell cancers reveal insights into tumor microenvironment, cell of origin, and therapy response",6044,,,Zhang,Proc. Natl. Acad. Sci. U.S.A.,2021.0,,https://cellxgene.cziscience.com/collections/1df8c90d-d299-4b2e-a54d-a5a80f36e780,https://cellxgene.cziscience.com/e/f801b7a9-80a6-4d09-9161-71474deb58ae.cxg/,kidney,normal,1df8c90d-d299-4b2e-a54d-a5a80f36e780,3b47d7b9-a421-4018-ab13-7cf564734c0f,f801b7a9-80a6-4d09-9161-71474deb58ae,c0b7ba53-d527-44ae-aa8c-1b7eef19017e,False,,PUBLIC,Homo sapiens,True,euclidean,True,True,True,https://datasets.cellxgene.cziscience.com/c0b7ba53-d527-44ae-aa8c-1b7eef19017e.h5ad
Construction of a human cell landscape at single-cell level,Construction of a human cell landscape at single-cell level,599926,,,Han,Nature,2020.0,,https://cellxgene.cziscience.com/collections/38833785-fac5-48fd-944a-0f62a4c23ed1,https://cellxgene.cziscience.com/e/2adb1f8a-a6b1-4909-8ee8-484814e2d4bf.cxg/,adipose tissue | adrenal gland | artery | ascending colon | bladder organ | blood | bone marrow | brain | cerebellum | chorionic villus | duodenum | embryonic stem cell | esophagus | eye | fallopian tube | gallbladder | heart | ileum | intestine | jejunum | kidney | liver | lung | muscle organ | omentum | ovary | pancreas | placenta | pleura | prostate gland | rectum | rib | sigmoid colon | skin of body | spinal cord | spleen | stomach | temporal lobe | testis | thymus | thyroid gland | trachea | transverse colon | umbilical cord blood | ureter | uterine cervix | uterus | vault of skull | vermiform appendix,normal,38833785-fac5-48fd-944a-0f62a4c23ed1,3386feb4-0595-4223-948d-44a57a78c7d4,2adb1f8a-a6b1-4909-8ee8-484814e2d4bf,74c3403a-451c-4a62-84e0-d8a8e45c7ea7,False,,PUBLIC,Homo sapiens,True,euclidean,True,True,True,https://datasets.cellxgene.cziscience.com/74c3403a-451c-4a62-84e0-d8a8e45c7ea7.h5ad
Spatiotemporal immune zonation of the human kidney,Fetal kidney dataset: full,27197,,,Stewart,Science,2019.0,,https://cellxgene.cziscience.com/collections/120e86b4-1195-48c5-845b-b98054105eec,https://cellxgene.cziscience.com/e/d7dcfd8f-2ee7-4385-b9ac-e074c23ed190.cxg/,kidney,normal,120e86b4-1195-48c5-845b-b98054105eec,36d840d4-d602-460e-8d49-8093fdbb9d66,d7dcfd8f-2ee7-4385-b9ac-e074c23ed190,29dcc0c9-8db4-49ee-a3cc-7c4fca336de8,False,,PUBLIC,Homo sapiens,True,euclidean,True,True,True,https://datasets.cellxgene.cziscience.com/29dcc0c9-8db4-49ee-a3cc-7c4fca336de8.h5ad
Spatiotemporal immune zonation of the human kidney,Fetal kidney dataset: stroma,8345,,,Stewart,Science,2019.0,,https://cellxgene.cziscience.com/collections/120e86b4-1195-48c5-845b-b98054105eec,https://cellxgene.cziscience.com/e/c52de62a-058d-4d78-a464-bdf552378f43.cxg/,kidney,normal,120e86b4-1195-48c5-845b-b98054105eec,36d840d4-d602-460e-8d49-8093fdbb9d66,c52de62a-058d-4d78-a464-bdf552378f43,70fd9b7a-28c0-477a-99b7-a6cae197b587,False,,PUBLIC,Homo sapiens,True,euclidean,True,True,True,https://datasets.cellxgene.cziscience.com/70fd9b7a-28c0-477a-99b7-a6cae197b587.h5ad
Spatiotemporal immune zonation of the human kidney,Mature kidney dataset: full,40268,,,Stewart,Science,2019.0,,https://cellxgene.cziscience.com/collections/120e86b4-1195-48c5-845b-b98054105eec,https://cellxgene.cziscience.com/e/9ea768a2-87ab-46b6-a73d-c4e915f25af3.cxg/,cortex of kidney | kidney | kidney blood vessel | renal medulla | renal pelvis,normal,120e86b4-1195-48c5-845b-b98054105eec,36d840d4-d602-460e-8d49-8093fdbb9d66,9ea768a2-87ab-46b6-a73d-c4e915f25af3,7dafa492-6129-4dff-a794-17bdefde3575,False,,PUBLIC,Homo sapiens,True,euclidean,True,True,True,https://datasets.cellxgene.cziscience.com/7dafa492-6129-4dff-a794-17bdefde3575.h5ad
Spatiotemporal immune zonation of the human kidney,Mature kidney dataset: non PT parenchyma,4620,,,Stewart,Science,2019.0,,https://cellxgene.cziscience.com/collections/120e86b4-1195-48c5-845b-b98054105eec,https://cellxgene.cziscience.com/e/2fc9c59f-3cfd-48d9-9b23-e369ea31bff3.cxg/,cortex of kidney | kidney | kidney blood vessel | renal medulla | renal pelvis,normal,120e86b4-1195-48c5-845b-b98054105eec,36d840d4-d602-460e-8d49-8093fdbb9d66,2fc9c59f-3cfd-48d9-9b23-e369ea31bff3,a221d3e2-63f5-4761-9809-d821e7d21b73,False,,PUBLIC,Homo sapiens,True,euclidean,True,True,True,https://datasets.cellxgene.cziscience.com/a221d3e2-63f5-4761-9809-d821e7d21b73.h5ad
Spatiotemporal immune zonation of the human kidney,Fetal kidney dataset: immune,6847,,,Stewart,Science,2019.0,,https://cellxgene.cziscience.com/collections/120e86b4-1195-48c5-845b-b98054105eec,https://cellxgene.cziscience.com/e/2d31c0ca-0233-41ce-bd1a-05aa8404b073.cxg/,kidney,normal,120e86b4-1195-48c5-845b-b98054105eec,36d840d4-d602-460e-8d49-8093fdbb9d66,2d31c0ca-0233-41ce-bd1a-05aa8404b073,6b1c0042-20ef-46fe-a371-72ee3f19cb45,False,,PUBLIC,Homo sapiens,True,euclidean,True,True,True,https://datasets.cellxgene.cziscience.com/6b1c0042-20ef-46fe-a371-72ee3f19cb45.h5ad
Spatiotemporal immune zonation of the human kidney,Mature kidney dataset: immune,7803,,,Stewart,Science,2019.0,,https://cellxgene.cziscience.com/collections/120e86b4-1195-48c5-845b-b98054105eec,https://cellxgene.cziscience.com/e/20d87640-4be8-487f-93d4-dce38378d00f.cxg/,cortex of kidney | kidney | kidney blood vessel | renal medulla | renal pelvis,normal,120e86b4-1195-48c5-845b-b98054105eec,36d840d4-d602-460e-8d49-8093fdbb9d66,20d87640-4be8-487f-93d4-dce38378d00f,8b3e5cc8-7d84-4290-b86e-1d1c5d0ad149,False,,PUBLIC,Homo sapiens,True,euclidean,True,True,True,https://datasets.cellxgene.cziscience.com/8b3e5cc8-7d84-4290-b86e-1d1c5d0ad149.h5ad
Spatiotemporal immune zonation of the human kidney,Fetal kidney dataset: nephron,10790,,,Stewart,Science,2019.0,,https://cellxgene.cziscience.com/collections/120e86b4-1195-48c5-845b-b98054105eec,https://cellxgene.cziscience.com/e/08073b32-d389-41f4-a4fd-616de76915ab.cxg/,kidney,normal,120e86b4-1195-48c5-845b-b98054105eec,36d840d4-d602-460e-8d49-8093fdbb9d66,08073b32-d389-41f4-a4fd-616de76915ab,8e5b1844-866b-4876-8767-999c8f73c4ed,False,,PUBLIC,Homo sapiens,True,euclidean,True,True,True,https://datasets.cellxgene.cziscience.com/8e5b1844-866b-4876-8767-999c8f73c4ed.h5ad
A human cell atlas of fetal gene expression,Survey of human embryonic development (1 million cells subset),1001288,,,Cao,Science,2020.0,,https://cellxgene.cziscience.com/collections/c114c20f-1ef4-49a5-9c2e-d965787fb90c,https://cellxgene.cziscience.com/e/fa27492b-82ff-4ab7-ac61-0e2b184eee67.cxg/,adrenal gland | cerebellum | eye | heart | intestine | kidney | liver | lung | muscle organ | pancreas | placenta | spleen | stomach | telencephalon | thymus,normal | trisomy 18,c114c20f-1ef4-49a5-9c2e-d965787fb90c,298a3dbb-995e-440c-b66f-5cb8dbd6c034,fa27492b-82ff-4ab7-ac61-0e2b184eee67,c3bf819d-423d-435f-b8d0-e36ad6088138,False,,PUBLIC,Homo sapiens,True,euclidean,True,True,True,https://datasets.cellxgene.cziscience.com/c3bf819d-423d-435f-b8d0-e36ad6088138.h5ad
A human cell atlas of fetal gene expression,Survey of human embryonic development,4062980,,,Cao,Science,2020.0,,https://cellxgene.cziscience.com/collections/c114c20f-1ef4-49a5-9c2e-d965787fb90c,https://cellxgene.cziscience.com/e/f7c1c579-2dc0-47e2-ba19-8165c5a0e353.cxg/,adrenal gland | cerebellum | eye | heart | intestine | kidney | liver | lung | muscle organ | pancreas | placenta | spleen | stomach | telencephalon | thymus,normal | trisomy 18,c114c20f-1ef4-49a5-9c2e-d965787fb90c,298a3dbb-995e-440c-b66f-5cb8dbd6c034,f7c1c579-2dc0-47e2-ba19-8165c5a0e353,dd2564a6-27a0-433a-893c-72475e4a39fe,False,,PUBLIC,Homo sapiens,True,euclidean,True,True,True,https://datasets.cellxgene.cziscience.com/dd2564a6-27a0-433a-893c-72475e4a39fe.h5ad
Single cell derived mRNA signals across human kidney tumors,wilms,4636,,,Young,Nat Commun,2021.0,,https://cellxgene.cziscience.com/collections/13d1c580-4b17-4b2e-85c4-75b36917413f,https://cellxgene.cziscience.com/e/ea01c125-67a7-4bd3-a8b0-e1b53a011b7e.cxg/,kidney,Wilms tumor,13d1c580-4b17-4b2e-85c4-75b36917413f,e71110de-71b8-4f30-8e19-8399f39a001e,ea01c125-67a7-4bd3-a8b0-e1b53a011b7e,1162aafd-1c82-4d2d-ad9e-aac61f6891db,False,,PUBLIC,Homo sapiens,True,euclidean,True,True,True,https://datasets.cellxgene.cziscience.com/1162aafd-1c82-4d2d-ad9e-aac61f6891db.h5ad
Single cell derived mRNA signals across human kidney tumors,fetal,27197,,,Young,Nat Commun,2021.0,,https://cellxgene.cziscience.com/collections/13d1c580-4b17-4b2e-85c4-75b36917413f,https://cellxgene.cziscience.com/e/a51c6ece-5731-4128-8c1e-5060e80c69e4.cxg/,kidney,normal,13d1c580-4b17-4b2e-85c4-75b36917413f,e71110de-71b8-4f30-8e19-8399f39a001e,a51c6ece-5731-4128-8c1e-5060e80c69e4,eb48a804-e68a-41cb-8bef-791189aca74d,False,,PUBLIC,Homo sapiens,True,euclidean,True,True,True,https://datasets.cellxgene.cziscience.com/eb48a804-e68a-41cb-8bef-791189aca74d.h5ad
An atlas of healthy and injured cell states and niches in the human kidney,Single-cell RNA-seq of the Adult Human Kidney (Version 1.0),107344,,,Lake,Nature,2023.0,,https://cellxgene.cziscience.com/collections/bcb61471-2a44-4d00-a0af-ff085512674c,https://cellxgene.cziscience.com/e/32b9bdce-2481-4c85-ba1b-6ad5fcea844c.cxg/,kidney,acute kidney failure | chronic kidney disease | normal,bcb61471-2a44-4d00-a0af-ff085512674c,9de065bf-d85b-4f4f-86aa-c0e48bf6538b,32b9bdce-2481-4c85-ba1b-6ad5fcea844c,d141dc30-b521-4659-8349-b48bb0ed64bf,False,,PUBLIC,Homo sapiens,True,euclidean,True,True,True,https://datasets.cellxgene.cziscience.com/d141dc30-b521-4659-8349-b48bb0ed64bf.h5ad
An atlas of healthy and injured cell states and niches in the human kidney,Integrated Single-nucleus and Single-cell RNA-seq of the Adult Human Kidney,304652,,,Lake,Nature,2023.0,,https://cellxgene.cziscience.com/collections/bcb61471-2a44-4d00-a0af-ff085512674c,https://cellxgene.cziscience.com/e/0b75c598-0893-4216-afe8-5414cab7739d.cxg/,cortex of kidney | kidney | renal medulla | renal papilla,acute kidney failure | chronic kidney disease | normal,bcb61471-2a44-4d00-a0af-ff085512674c,9de065bf-d85b-4f4f-86aa-c0e48bf6538b,0b75c598-0893-4216-afe8-5414cab7739d,25b62707-5933-415b-8000-3369ec4af23f,False,,PUBLIC,Homo sapiens,True,euclidean,True,True,True,https://datasets.cellxgene.cziscience.com/25b62707-5933-415b-8000-3369ec4af23f.h5ad
An atlas of healthy and injured cell states and niches in the human kidney,Single-nucleus RNA-seq of the Adult Human Kidney (Version 1.0),172847,,,Lake,Nature,2023.0,,https://cellxgene.cziscience.com/collections/bcb61471-2a44-4d00-a0af-ff085512674c,https://cellxgene.cziscience.com/e/07854d9c-5375-4a9b-ac34-fa919d3c3686.cxg/,cortex of kidney | renal medulla | renal papilla,acute kidney failure | chronic kidney disease | normal,bcb61471-2a44-4d00-a0af-ff085512674c,9de065bf-d85b-4f4f-86aa-c0e48bf6538b,07854d9c-5375-4a9b-ac34-fa919d3c3686,34d0abc5-99bc-4ad5-a804-c119e14ff30a,False,,PUBLIC,Homo sapiens,True,euclidean,True,True,True,https://datasets.cellxgene.cziscience.com/34d0abc5-99bc-4ad5-a804-c119e14ff30a.h5ad
