reference,collection_name,dataset_title,normal_cell_count,total_cell_count,author_cell_type,embedding,first_author,journal,year,doi,collection_url,explorer_url,tissue,disease,collection_id,collection_version_id,dataset_id,dataset_version_id,is_preprint,revised_at,visibility,organism,filter_normal,metric,save_scores,save_cluster_summary,save_annotation,h5ad_url,tissue_ontology_term_id,assay_ontology_term_id,cell_type_ontology_term_id,disease_ontology_term_id,development_stage_ontology_term_id,sex_ontology_term_id,is_primary_data,donor_id_count,tissue_ontology_summary,assay_ontology_summary,cell_type_ontology_summary,disease_ontology_summary,sex_ontology_summary,development_stage_summary
unk,Single-cell transcriptomic atlas for adult human retina,Non-neuronal cells in human retina,,18011,,,Liang,Cell Genomics,2023.0,10.1016/j.xgen.2023.100298,https://cellxgene.cziscience.com/collections/af893e86-8e9f-41f1-a474-ef05359b1fb7,https://cellxgene.cziscience.com/e/ed419b4e-db9b-40f1-8593-68fdf8dfb076.cxg/,fovea centralis | macula lutea proper | peripheral region of retina,normal,af893e86-8e9f-41f1-a474-ef05359b1fb7,c1b538fd-0f01-41c8-a504-6f44626916c2,ed419b4e-db9b-40f1-8593-68fdf8dfb076,c8da6eeb-84d7-4379-a332-1bf6107859d6,False,,PUBLIC,Homo sapiens,True,euclidean,True,True,True,https://datasets.cellxgene.cziscience.com/c8da6eeb-84d7-4379-a332-1bf6107859d6.h5ad,UBERON:0001786 | UBERON:0002822 | UBERON:0013682,,,PATO:0000461,,,,,,,,,,
unk,Single-cell transcriptomic atlas for adult human retina,Retinal ganglion cells in human retina,,11617,,,Liang,Cell Genomics,2023.0,10.1016/j.xgen.2023.100298,https://cellxgene.cziscience.com/collections/af893e86-8e9f-41f1-a474-ef05359b1fb7,https://cellxgene.cziscience.com/e/aad97cb5-f375-45ef-ae9d-178e7f5d5180.cxg/,fovea centralis | macula lutea proper | peripheral region of retina,normal,af893e86-8e9f-41f1-a474-ef05359b1fb7,c1b538fd-0f01-41c8-a504-6f44626916c2,aad97cb5-f375-45ef-ae9d-178e7f5d5180,9db639c3-5c9c-4b8f-b285-25ed5d335417,False,,PUBLIC,Homo sapiens,True,euclidean,True,True,True,https://datasets.cellxgene.cziscience.com/9db639c3-5c9c-4b8f-b285-25ed5d335417.h5ad,UBERON:0001786 | UBERON:0002822 | UBERON:0013682,,,PATO:0000461,,,,,,,,,,
unk,Single-cell transcriptomic atlas for adult human retina,Bipolar cells in human retina,,53040,,,Liang,Cell Genomics,2023.0,10.1016/j.xgen.2023.100298,https://cellxgene.cziscience.com/collections/af893e86-8e9f-41f1-a474-ef05359b1fb7,https://cellxgene.cziscience.com/e/8f10185b-e0b3-46a5-8706-7f1799225d79.cxg/,fovea centralis | macula lutea proper | peripheral region of retina,normal,af893e86-8e9f-41f1-a474-ef05359b1fb7,c1b538fd-0f01-41c8-a504-6f44626916c2,8f10185b-e0b3-46a5-8706-7f1799225d79,45e411d4-c103-4c28-84a9-cb5320f873ba,False,,PUBLIC,Homo sapiens,True,euclidean,True,True,True,https://datasets.cellxgene.cziscience.com/45e411d4-c103-4c28-84a9-cb5320f873ba.h5ad,UBERON:0001786 | UBERON:0002822 | UBERON:0013682,,,PATO:0000461,,,,,,,,,,
unk,Single-cell transcriptomic atlas for adult human retina,Amacrine cells in human retina,,56507,,,Liang,Cell Genomics,2023.0,10.1016/j.xgen.2023.100298,https://cellxgene.cziscience.com/collections/af893e86-8e9f-41f1-a474-ef05359b1fb7,https://cellxgene.cziscience.com/e/359f7af4-87d4-4117-9d6c-ca4cfa1f3f0b.cxg/,fovea centralis | macula lutea proper | peripheral region of retina,normal,af893e86-8e9f-41f1-a474-ef05359b1fb7,c1b538fd-0f01-41c8-a504-6f44626916c2,359f7af4-87d4-4117-9d6c-ca4cfa1f3f0b,e3c7aa91-5edd-416e-965e-17bef75462d4,False,,PUBLIC,Homo sapiens,True,euclidean,True,True,True,https://datasets.cellxgene.cziscience.com/e3c7aa91-5edd-416e-965e-17bef75462d4.h5ad,UBERON:0001786 | UBERON:0002822 | UBERON:0013682,,,PATO:0000461,,,,,,,,,,
unk,Single-cell transcriptomic atlas for adult human retina,Horizontal cells in human retina,,7348,,,Liang,Cell Genomics,2023.0,10.1016/j.xgen.2023.100298,https://cellxgene.cziscience.com/collections/af893e86-8e9f-41f1-a474-ef05359b1fb7,https://cellxgene.cziscience.com/e/11ef37ee-2173-458e-aab8-7fe35da8e47b.cxg/,fovea centralis | macula lutea proper | peripheral region of retina,normal,af893e86-8e9f-41f1-a474-ef05359b1fb7,c1b538fd-0f01-41c8-a504-6f44626916c2,11ef37ee-2173-458e-aab8-7fe35da8e47b,5903aa1b-c323-4ae0-abfc-8100e2eba799,False,,PUBLIC,Homo sapiens,True,euclidean,True,True,True,https://datasets.cellxgene.cziscience.com/5903aa1b-c323-4ae0-abfc-8100e2eba799.h5ad,UBERON:0001786 | UBERON:0002822 | UBERON:0013682,,,PATO:0000461,,,,,,,,,,
unk,Single-cell transcriptomic atlas for adult human retina,All major cell types in adult human retina,,244474,,,Liang,Cell Genomics,2023.0,10.1016/j.xgen.2023.100298,https://cellxgene.cziscience.com/collections/af893e86-8e9f-41f1-a474-ef05359b1fb7,https://cellxgene.cziscience.com/e/0129dbd9-a7d3-4f6b-96b9-1da155a93748.cxg/,fovea centralis | macula lutea proper | peripheral region of retina,normal,af893e86-8e9f-41f1-a474-ef05359b1fb7,c1b538fd-0f01-41c8-a504-6f44626916c2,0129dbd9-a7d3-4f6b-96b9-1da155a93748,7f2413c4-38c2-4559-a959-e649e2118586,False,,PUBLIC,Homo sapiens,True,euclidean,True,True,True,https://datasets.cellxgene.cziscience.com/7f2413c4-38c2-4559-a959-e649e2118586.h5ad,UBERON:0001786 | UBERON:0002822 | UBERON:0013682,,,PATO:0000461,,,,,,,,,,
unk,Single-cell transcriptomic atlas for adult human retina,Photoreceptor cells in human retina (rod cells downsampled),,21422,,,Liang,Cell Genomics,2023.0,10.1016/j.xgen.2023.100298,https://cellxgene.cziscience.com/collections/af893e86-8e9f-41f1-a474-ef05359b1fb7,https://cellxgene.cziscience.com/e/00e5dedd-b9b7-43be-8c28-b0e5c6414a62.cxg/,fovea centralis | macula lutea proper | peripheral region of retina,normal,af893e86-8e9f-41f1-a474-ef05359b1fb7,c1b538fd-0f01-41c8-a504-6f44626916c2,00e5dedd-b9b7-43be-8c28-b0e5c6414a62,3d0dcefd-cdf2-4b12-89df-c871e9a3c4b8,False,,PUBLIC,Homo sapiens,True,euclidean,True,True,True,https://datasets.cellxgene.cziscience.com/3d0dcefd-cdf2-4b12-89df-c871e9a3c4b8.h5ad,UBERON:0001786 | UBERON:0002822 | UBERON:0013682,,,PATO:0000461,,,,,,,,,,
unk,Human fetal retina atlas v1 - Unraveling the developmental heterogeneity within the human retina to reconstruct the continuity of retinal ganglion cell maturation and stage-specific intrinsic and extrinsic factors,Human Fetal Retina Atlas,,108838,,,Kriukov,Developmental Biology,2025.0,10.1016/j.ydbio.2025.08.025,https://cellxgene.cziscience.com/collections/c11009b8-b113-4a99-9890-78b2f9df9d79,https://cellxgene.cziscience.com/e/aecc2743-4ff2-4b55-ac8c-a1ff76fc4bb4.cxg/,central retina | peripheral region of retina | retina,normal,c11009b8-b113-4a99-9890-78b2f9df9d79,a4996baf-010b-4b4d-bde1-c04b0ed749a7,aecc2743-4ff2-4b55-ac8c-a1ff76fc4bb4,3fdf264b-40f6-4f5a-b433-bddba1bbebf4,False,,PUBLIC,Homo sapiens,True,euclidean,True,True,True,https://datasets.cellxgene.cziscience.com/3fdf264b-40f6-4f5a-b433-bddba1bbebf4.h5ad,UBERON:8000004 | UBERON:0013682 | UBERON:0000966,,,PATO:0000461,,,,,,,,,,
unk,Cell Atlas of The Human Fovea and Peripheral Retina,Retinal ganglion cells of the human fovea and peripheral retina,,11404,,,Yan,Sci Rep,2020.0,10.1038/s41598-020-66092-9,https://cellxgene.cziscience.com/collections/1d1c7275-476a-49e2-9022-ad1b1c793594,https://cellxgene.cziscience.com/e/d319af7f-be2e-441e-8caa-3b8a88480e89.cxg/,fovea centralis | peripheral region of retina,normal,1d1c7275-476a-49e2-9022-ad1b1c793594,f5b207b1-c397-474e-a152-dac848637920,d319af7f-be2e-441e-8caa-3b8a88480e89,9bfd4a8d-b880-4b6d-a82a-7f8858e4fb65,False,,PUBLIC,Homo sapiens,True,euclidean,True,True,True,https://datasets.cellxgene.cziscience.com/9bfd4a8d-b880-4b6d-a82a-7f8858e4fb65.h5ad,UBERON:0001786 | UBERON:0013682,,,PATO:0000461,,,,,,,,,,
unk,Cell Atlas of The Human Fovea and Peripheral Retina,Non-neuronal cells of the human fovea and peripheral retina,,22125,,,Yan,Sci Rep,2020.0,10.1038/s41598-020-66092-9,https://cellxgene.cziscience.com/collections/1d1c7275-476a-49e2-9022-ad1b1c793594,https://cellxgene.cziscience.com/e/bc7260e0-54cf-4b0b-823d-93f5b850f757.cxg/,fovea centralis | peripheral region of retina,normal,1d1c7275-476a-49e2-9022-ad1b1c793594,f5b207b1-c397-474e-a152-dac848637920,bc7260e0-54cf-4b0b-823d-93f5b850f757,0ad06af8-c388-4bc8-9dd4-171b30a3df81,False,,PUBLIC,Homo sapiens,True,euclidean,True,True,True,https://datasets.cellxgene.cziscience.com/0ad06af8-c388-4bc8-9dd4-171b30a3df81.h5ad,UBERON:0001786 | UBERON:0013682,,,PATO:0000461,,,,,,,,,,
unk,Cell Atlas of The Human Fovea and Peripheral Retina,Bipolar cells of the human fovea and peripheral retina,,25908,,,Yan,Sci Rep,2020.0,10.1038/s41598-020-66092-9,https://cellxgene.cziscience.com/collections/1d1c7275-476a-49e2-9022-ad1b1c793594,https://cellxgene.cziscience.com/e/8623d55f-d91c-41c2-ae68-ed2072fd268d.cxg/,fovea centralis | peripheral region of retina,normal,1d1c7275-476a-49e2-9022-ad1b1c793594,f5b207b1-c397-474e-a152-dac848637920,8623d55f-d91c-41c2-ae68-ed2072fd268d,c65faa08-ddea-48eb-8d3e-ce8ca1349c05,False,,PUBLIC,Homo sapiens,True,euclidean,True,True,True,https://datasets.cellxgene.cziscience.com/c65faa08-ddea-48eb-8d3e-ce8ca1349c05.h5ad,UBERON:0001786 | UBERON:0013682,,,PATO:0000461,,,,,,,,,,
unk,Cell Atlas of The Human Fovea and Peripheral Retina,Photoreceptor cells of the human fovea and peripheral retina,,9070,,,Yan,Sci Rep,2020.0,10.1038/s41598-020-66092-9,https://cellxgene.cziscience.com/collections/1d1c7275-476a-49e2-9022-ad1b1c793594,https://cellxgene.cziscience.com/e/7b75b2c4-6d99-40be-9a61-391455d859e6.cxg/,fovea centralis | peripheral region of retina,normal,1d1c7275-476a-49e2-9022-ad1b1c793594,f5b207b1-c397-474e-a152-dac848637920,7b75b2c4-6d99-40be-9a61-391455d859e6,b1fa038c-4865-41a2-935b-c29e4244f44f,False,,PUBLIC,Homo sapiens,True,euclidean,True,True,True,https://datasets.cellxgene.cziscience.com/b1fa038c-4865-41a2-935b-c29e4244f44f.h5ad,UBERON:0001786 | UBERON:0013682,,,PATO:0000461,,,,,,,,,,
unk,Cell Atlas of The Human Fovea and Peripheral Retina,Amacrine cells of the human fovea and peripheral retina,,13607,,,Yan,Sci Rep,2020.0,10.1038/s41598-020-66092-9,https://cellxgene.cziscience.com/collections/1d1c7275-476a-49e2-9022-ad1b1c793594,https://cellxgene.cziscience.com/e/5cdbb2ea-c622-466d-9ead-7884ad8cb99f.cxg/,fovea centralis | peripheral region of retina,normal,1d1c7275-476a-49e2-9022-ad1b1c793594,f5b207b1-c397-474e-a152-dac848637920,5cdbb2ea-c622-466d-9ead-7884ad8cb99f,6ad8e84f-4253-404e-a57b-58a1616d51d8,False,,PUBLIC,Homo sapiens,True,euclidean,True,True,True,https://datasets.cellxgene.cziscience.com/6ad8e84f-4253-404e-a57b-58a1616d51d8.h5ad,UBERON:0001786 | UBERON:0013682,,,PATO:0000461,,,,,,,,,,
unk,Cell Atlas of The Human Fovea and Peripheral Retina,Horizontal cells of the human fovea and peripheral retina,,2868,,,Yan,Sci Rep,2020.0,10.1038/s41598-020-66092-9,https://cellxgene.cziscience.com/collections/1d1c7275-476a-49e2-9022-ad1b1c793594,https://cellxgene.cziscience.com/e/2f6a20f1-173d-4b8d-860b-c47ffea120fa.cxg/,fovea centralis | peripheral region of retina,normal,1d1c7275-476a-49e2-9022-ad1b1c793594,f5b207b1-c397-474e-a152-dac848637920,2f6a20f1-173d-4b8d-860b-c47ffea120fa,0449b4b3-e8c0-4f8e-823b-e10688674f9f,False,,PUBLIC,Homo sapiens,True,euclidean,True,True,True,https://datasets.cellxgene.cziscience.com/0449b4b3-e8c0-4f8e-823b-e10688674f9f.h5ad,UBERON:0001786 | UBERON:0013682,,,PATO:0000461,,,,,,,,,,
unk,Single-cell transcriptomic atlas of the human retina identifies cell types associated with age-related macular degeneration,Retina,,20091,,,Menon,Nat Commun,2019.0,10.1038/s41467-019-12780-8,https://cellxgene.cziscience.com/collections/1a486c4c-c115-4721-8c9f-f9f096e10857,https://cellxgene.cziscience.com/e/856c1b98-5727-49da-bf0f-151bdb8cb056.cxg/,macula lutea | peripheral region of retina,normal,1a486c4c-c115-4721-8c9f-f9f096e10857,c9394118-0d32-4f08-8b8c-beff73a988fb,856c1b98-5727-49da-bf0f-151bdb8cb056,20236e1d-6c4d-451d-b6eb-a8f58075e6c3,False,,PUBLIC,Homo sapiens,True,euclidean,True,True,True,https://datasets.cellxgene.cziscience.com/20236e1d-6c4d-451d-b6eb-a8f58075e6c3.h5ad,UBERON:0000053 | UBERON:0013682,,,PATO:0000461,,,,,,,,,,
unk,Transcriptomic Analysis of the Ocular Posterior Segment Completes a Cell Atlas of the Human Eye,Transcriptome of human posterior ocular segment,,139978,,,Monavarfeshani,Proc. Natl. Acad. Sci. U.S.A.,2023.0,10.1073/pnas.2306153120,https://cellxgene.cziscience.com/collections/7855daa4-3f34-4aae-b65a-87720c02e7cd,https://cellxgene.cziscience.com/e/9f1a899f-05a0-44c5-8aa9-39df61ae4324.cxg/,cranial nerve II | macula lutea | optic disc | peripheral region of retina | pigmented layer of retina | sclera,normal,7855daa4-3f34-4aae-b65a-87720c02e7cd,61809737-f4ce-4a8d-aef9-fe72028a25ab,9f1a899f-05a0-44c5-8aa9-39df61ae4324,bcd39ae8-da6a-4c50-8764-057d54b3bc9c,False,,PUBLIC,Homo sapiens,True,euclidean,True,True,True,https://datasets.cellxgene.cziscience.com/bcd39ae8-da6a-4c50-8764-057d54b3bc9c.h5ad,UBERON:0000941 | UBERON:0000053 | UBERON:0001783 | UBERON:0013682 | UBERON:0001782 | UBERON:0001773,,,PATO:0000461,,,,,,,,,,
unk,Single-cell multiome of the human retina and deep learning nominate causal variants in complex eye diseases,Joint scRNA-seq and scATAC-seq atlas of the adult human retina,,51645,,,Wang,Cell Genomics,2022.0,10.1016/j.xgen.2022.100164,https://cellxgene.cziscience.com/collections/348da6dc-5bf6-435d-adc5-37747b9ae38a,https://cellxgene.cziscience.com/e/322c816f-608a-4da1-99c4-36ca4ad45146.cxg/,retina,normal,348da6dc-5bf6-435d-adc5-37747b9ae38a,5c9b5ef0-e3d9-4277-89dc-cbc9973de5a5,322c816f-608a-4da1-99c4-36ca4ad45146,74ec3a77-f1ff-4e90-af45-b8937cea0a8f,False,,PUBLIC,Homo sapiens,True,euclidean,True,True,True,https://datasets.cellxgene.cziscience.com/74ec3a77-f1ff-4e90-af45-b8937cea0a8f.h5ad,UBERON:0000966,,,PATO:0000461,,,,,,,,,,
unk,Integration of eQTL and a Single-Cell Atlas in the Human Eye Identifies Causal Genes for Age-Related Macular Degeneration,Amacrine cells of human eye,,6101,,,Orozco,Cell Reports,2020.0,10.1016/j.celrep.2019.12.082,https://cellxgene.cziscience.com/collections/939769a8-d8d2-4d01-abfc-55699893fd49,https://cellxgene.cziscience.com/e/f8c77961-67a7-4161-b8c2-61c3f917b54f.cxg/,retina,normal,939769a8-d8d2-4d01-abfc-55699893fd49,893659bf-a2b9-4a3a-8d8d-57b9a4a054fe,f8c77961-67a7-4161-b8c2-61c3f917b54f,7b765594-340e-4d40-83ca-eb529a2b38af,False,,PUBLIC,Homo sapiens,True,euclidean,True,True,True,https://datasets.cellxgene.cziscience.com/7b765594-340e-4d40-83ca-eb529a2b38af.h5ad,UBERON:0000966,,,PATO:0000461,,,,,,,,,,
unk,Integration of eQTL and a Single-Cell Atlas in the Human Eye Identifies Causal Genes for Age-Related Macular Degeneration,All cell types of human eye,,100055,,,Orozco,Cell Reports,2020.0,10.1016/j.celrep.2019.12.082,https://cellxgene.cziscience.com/collections/939769a8-d8d2-4d01-abfc-55699893fd49,https://cellxgene.cziscience.com/e/e6dad530-418b-47f9-af6e-472e56a7b314.cxg/,retina,normal,939769a8-d8d2-4d01-abfc-55699893fd49,893659bf-a2b9-4a3a-8d8d-57b9a4a054fe,e6dad530-418b-47f9-af6e-472e56a7b314,4c30d8ad-425e-46b4-8333-c4c809783918,False,,PUBLIC,Homo sapiens,True,euclidean,True,True,True,https://datasets.cellxgene.cziscience.com/4c30d8ad-425e-46b4-8333-c4c809783918.h5ad,UBERON:0000966,,,PATO:0000461,,,,,,,,,,
unk,Integration of eQTL and a Single-Cell Atlas in the Human Eye Identifies Causal Genes for Age-Related Macular Degeneration,Myeloid cells of human eye,,395,,,Orozco,Cell Reports,2020.0,10.1016/j.celrep.2019.12.082,https://cellxgene.cziscience.com/collections/939769a8-d8d2-4d01-abfc-55699893fd49,https://cellxgene.cziscience.com/e/de17ac25-550a-4018-be75-bbb485a0636e.cxg/,retina,normal,939769a8-d8d2-4d01-abfc-55699893fd49,893659bf-a2b9-4a3a-8d8d-57b9a4a054fe,de17ac25-550a-4018-be75-bbb485a0636e,b15481e1-89b3-4f0b-87c9-c2e40bce312e,False,,PUBLIC,Homo sapiens,True,euclidean,True,True,True,https://datasets.cellxgene.cziscience.com/b15481e1-89b3-4f0b-87c9-c2e40bce312e.h5ad,UBERON:0000966,,,PATO:0000461,,,,,,,,,,
unk,Integration of eQTL and a Single-Cell Atlas in the Human Eye Identifies Causal Genes for Age-Related Macular Degeneration,Cone cells of human eye,,1378,,,Orozco,Cell Reports,2020.0,10.1016/j.celrep.2019.12.082,https://cellxgene.cziscience.com/collections/939769a8-d8d2-4d01-abfc-55699893fd49,https://cellxgene.cziscience.com/e/d95ab381-2b7c-4885-b168-0097ed4e397f.cxg/,retina,normal,939769a8-d8d2-4d01-abfc-55699893fd49,893659bf-a2b9-4a3a-8d8d-57b9a4a054fe,d95ab381-2b7c-4885-b168-0097ed4e397f,055f3d09-f8cf-43c6-858c-c193d3aee133,False,,PUBLIC,Homo sapiens,True,euclidean,True,True,True,https://datasets.cellxgene.cziscience.com/055f3d09-f8cf-43c6-858c-c193d3aee133.h5ad,UBERON:0000966,,,PATO:0000461,,,,,,,,,,
unk,Integration of eQTL and a Single-Cell Atlas in the Human Eye Identifies Causal Genes for Age-Related Macular Degeneration,Retinal ganglion cells of human eye,,1777,,,Orozco,Cell Reports,2020.0,10.1016/j.celrep.2019.12.082,https://cellxgene.cziscience.com/collections/939769a8-d8d2-4d01-abfc-55699893fd49,https://cellxgene.cziscience.com/e/cec9f9a5-8832-437d-99af-fb8237cde54b.cxg/,retina,normal,939769a8-d8d2-4d01-abfc-55699893fd49,893659bf-a2b9-4a3a-8d8d-57b9a4a054fe,cec9f9a5-8832-437d-99af-fb8237cde54b,3fcf5664-5347-4798-af53-8e3fa4b6f3a7,False,,PUBLIC,Homo sapiens,True,euclidean,True,True,True,https://datasets.cellxgene.cziscience.com/3fcf5664-5347-4798-af53-8e3fa4b6f3a7.h5ad,UBERON:0000966,,,PATO:0000461,,,,,,,,,,
unk,Integration of eQTL and a Single-Cell Atlas in the Human Eye Identifies Causal Genes for Age-Related Macular Degeneration,Horizontal cells of human eye,,1875,,,Orozco,Cell Reports,2020.0,10.1016/j.celrep.2019.12.082,https://cellxgene.cziscience.com/collections/939769a8-d8d2-4d01-abfc-55699893fd49,https://cellxgene.cziscience.com/e/c3d381b2-3104-444e-8ad5-d3524407bbb6.cxg/,retina,normal,939769a8-d8d2-4d01-abfc-55699893fd49,893659bf-a2b9-4a3a-8d8d-57b9a4a054fe,c3d381b2-3104-444e-8ad5-d3524407bbb6,9a4fb456-932a-4ce8-8630-035547fc9a9c,False,,PUBLIC,Homo sapiens,True,euclidean,True,True,True,https://datasets.cellxgene.cziscience.com/9a4fb456-932a-4ce8-8630-035547fc9a9c.h5ad,UBERON:0000966,,,PATO:0000461,,,,,,,,,,
unk,Integration of eQTL and a Single-Cell Atlas in the Human Eye Identifies Causal Genes for Age-Related Macular Degeneration,Non-neuronal cells of human eye,,8193,,,Orozco,Cell Reports,2020.0,10.1016/j.celrep.2019.12.082,https://cellxgene.cziscience.com/collections/939769a8-d8d2-4d01-abfc-55699893fd49,https://cellxgene.cziscience.com/e/ab5b2256-b209-48b5-a801-c5d9a8c0de56.cxg/,retina,normal,939769a8-d8d2-4d01-abfc-55699893fd49,893659bf-a2b9-4a3a-8d8d-57b9a4a054fe,ab5b2256-b209-48b5-a801-c5d9a8c0de56,8886566a-d9ac-4a0e-b944-ac7741049d40,False,,PUBLIC,Homo sapiens,True,euclidean,True,True,True,https://datasets.cellxgene.cziscience.com/8886566a-d9ac-4a0e-b944-ac7741049d40.h5ad,UBERON:0000966,,,PATO:0000461,,,,,,,,,,
unk,Integration of eQTL and a Single-Cell Atlas in the Human Eye Identifies Causal Genes for Age-Related Macular Degeneration,Retinal pigment epithelial cells of human eye,,1635,,,Orozco,Cell Reports,2020.0,10.1016/j.celrep.2019.12.082,https://cellxgene.cziscience.com/collections/939769a8-d8d2-4d01-abfc-55699893fd49,https://cellxgene.cziscience.com/e/9cfee1e6-b24f-433d-a269-f01841655d6a.cxg/,retina,normal,939769a8-d8d2-4d01-abfc-55699893fd49,893659bf-a2b9-4a3a-8d8d-57b9a4a054fe,9cfee1e6-b24f-433d-a269-f01841655d6a,8046fc7c-811f-4ee7-a9f4-a65030c5f704,False,,PUBLIC,Homo sapiens,True,euclidean,True,True,True,https://datasets.cellxgene.cziscience.com/8046fc7c-811f-4ee7-a9f4-a65030c5f704.h5ad,UBERON:0000966,,,PATO:0000461,,,,,,,,,,
unk,Integration of eQTL and a Single-Cell Atlas in the Human Eye Identifies Causal Genes for Age-Related Macular Degeneration,Bipolar cells of human eye,,16540,,,Orozco,Cell Reports,2020.0,10.1016/j.celrep.2019.12.082,https://cellxgene.cziscience.com/collections/939769a8-d8d2-4d01-abfc-55699893fd49,https://cellxgene.cziscience.com/e/4e38f019-f8e8-44ae-ad32-ba500de6f64c.cxg/,retina,normal,939769a8-d8d2-4d01-abfc-55699893fd49,893659bf-a2b9-4a3a-8d8d-57b9a4a054fe,4e38f019-f8e8-44ae-ad32-ba500de6f64c,d1c37466-5809-4992-8abb-22c97a24f9f1,False,,PUBLIC,Homo sapiens,True,euclidean,True,True,True,https://datasets.cellxgene.cziscience.com/d1c37466-5809-4992-8abb-22c97a24f9f1.h5ad,UBERON:0000966,,,PATO:0000461,,,,,,,,,,
unk,Integration of eQTL and a Single-Cell Atlas in the Human Eye Identifies Causal Genes for Age-Related Macular Degeneration,Rod cells of human eye,,62509,,,Orozco,Cell Reports,2020.0,10.1016/j.celrep.2019.12.082,https://cellxgene.cziscience.com/collections/939769a8-d8d2-4d01-abfc-55699893fd49,https://cellxgene.cziscience.com/e/389bfbb9-8ef1-4582-8c41-410131c3d0eb.cxg/,retina,normal,939769a8-d8d2-4d01-abfc-55699893fd49,893659bf-a2b9-4a3a-8d8d-57b9a4a054fe,389bfbb9-8ef1-4582-8c41-410131c3d0eb,489e1de0-74ae-4fd3-91ed-ba9f0c99fb7d,False,,PUBLIC,Homo sapiens,True,euclidean,True,True,True,https://datasets.cellxgene.cziscience.com/489e1de0-74ae-4fd3-91ed-ba9f0c99fb7d.h5ad,UBERON:0000966,,,PATO:0000461,,,,,,,,,,
unk,Cell Types of the Human Retina and Its Organoids at Single-Cell Resolution,Periphery - Cell Types of the Human Retina and Its Organoids at Single-Cell Resolution,,34723,,,Cowan,Cell,2020.0,10.1016/j.cell.2020.08.013,https://cellxgene.cziscience.com/collections/2f4c738f-e2f3-4553-9db2-0582a38ea4dc,https://cellxgene.cziscience.com/e/ccfdcad0-7104-46b9-addf-fd66a2a15907.cxg/,pigment epithelium of eye | retina,normal,2f4c738f-e2f3-4553-9db2-0582a38ea4dc,8190999f-2531-4865-8bd0-b0d383795385,ccfdcad0-7104-46b9-addf-fd66a2a15907,052ea638-dead-4657-a01b-3c0278bea59f,False,,PUBLIC,Homo sapiens,True,euclidean,True,True,True,https://datasets.cellxgene.cziscience.com/052ea638-dead-4657-a01b-3c0278bea59f.h5ad,UBERON:0007625 | UBERON:0000966,,,PATO:0000461,,,,,,,,,,
unk,Cell Types of the Human Retina and Its Organoids at Single-Cell Resolution,Fovea - Cell Types of the Human Retina and Its Organoids at Single-Cell Resolution,,19768,,,Cowan,Cell,2020.0,10.1016/j.cell.2020.08.013,https://cellxgene.cziscience.com/collections/2f4c738f-e2f3-4553-9db2-0582a38ea4dc,https://cellxgene.cziscience.com/e/babbf9f3-f482-45a5-ba76-c41f4c2f503e.cxg/,fovea centralis,normal,2f4c738f-e2f3-4553-9db2-0582a38ea4dc,8190999f-2531-4865-8bd0-b0d383795385,babbf9f3-f482-45a5-ba76-c41f4c2f503e,6fb40509-2cc3-420a-af01-7b744dd98a67,False,,PUBLIC,Homo sapiens,True,euclidean,True,True,True,https://datasets.cellxgene.cziscience.com/6fb40509-2cc3-420a-af01-7b744dd98a67.h5ad,UBERON:0001786,,,PATO:0000461,,,,,,,,,,
unk,Cell Types of the Human Retina and Its Organoids at Single-Cell Resolution,Organoid - Cell Types of the Human Retina and Its Organoids at Single-Cell Resolution,,43857,,,Cowan,Cell,2020.0,10.1016/j.cell.2020.08.013,https://cellxgene.cziscience.com/collections/2f4c738f-e2f3-4553-9db2-0582a38ea4dc,https://cellxgene.cziscience.com/e/7e7f63c5-d964-40be-83de-ecbcccafd233.cxg/,retina,normal,2f4c738f-e2f3-4553-9db2-0582a38ea4dc,8190999f-2531-4865-8bd0-b0d383795385,7e7f63c5-d964-40be-83de-ecbcccafd233,a3085c21-e8b8-42a0-b760-4f6db4f36578,False,,PUBLIC,Homo sapiens,True,euclidean,True,True,True,https://datasets.cellxgene.cziscience.com/a3085c21-e8b8-42a0-b760-4f6db4f36578.h5ad,UBERON:0000966,,,PATO:0000461,,,,,,,,,,
unk,Single Cell Multiome Atlas of the Human Fetal Retina,snRNA-seq of the developing human retina,,226506,,,Zuo,Nat Commun,2024.0,10.1038/s41467-024-50853-5,https://cellxgene.cziscience.com/collections/5900dda8-2dc3-4770-b604-084eac1c2c82,https://cellxgene.cziscience.com/e/963a08cb-d995-4862-9614-f9d38a7d7540.cxg/,macula lutea | peripheral region of retina | retina,normal,5900dda8-2dc3-4770-b604-084eac1c2c82,2d725c2d-2653-434b-8fa6-9d74c401d13d,963a08cb-d995-4862-9614-f9d38a7d7540,883270e9-41e6-4c2c-b352-b15c292d2a34,False,,PUBLIC,Homo sapiens,True,euclidean,True,True,True,https://datasets.cellxgene.cziscience.com/883270e9-41e6-4c2c-b352-b15c292d2a34.h5ad,UBERON:0000053 | UBERON:0013682 | UBERON:0000966,,,PATO:0000461,,,,,,,,,,
unk,Tabula Sapiens,Tabula Sapiens - Immune,,592317,,,,Science,2022.0,10.1126/science.abl4896,https://cellxgene.cziscience.com/collections/e5f58829-1a66-40b5-a624-9046778e74f5,https://cellxgene.cziscience.com/e/c5d88abe-f23a-45fa-a534-788985e93dad.cxg/,abdominal aorta | adipose tissue | anterior part of tongue | anterior segment of eyeball | aorta | ascending colon | bladder organ | blood | bone marrow | brown adipose tissue | buccal mucosa | cardiac atrium | cardiac ventricle | chorioretinal region | conjunctiva | cornea | coronary artery | cortex of kidney | crista ampullaris | duodenum | endocrine pancreas | endometrium | exocrine pancreas | eye | eyelid | heart | heart right ventricle | ileum | inferior vena cava | inguinal lymph node | jejunum | kidney | lacrimal gland | large intestine | left coronary artery | left ovary | liver | lung | lymph node | mammary gland | mesenteric lymph node | mucosa of stomach | muscle of abdomen | muscle of pelvic diaphragm | muscularis mucosae of stomach | myometrium | ocular surface region | ovary | parotid gland | posterior part of tongue | posterior segment of eyeball | prostate gland | retinal neural layer | right cardiac atrium | right ovary | sclera | sigmoid colon | skin of abdomen | skin of body | skin of chest | small intestine | spleen | stomach | stomach smooth muscle | subcutaneous adipose tissue | sublingual gland | submandibular gland | testis | thoracic aorta | thymus | trachea | uterus | utricle of membranous labyrinth | vasculature,normal,e5f58829-1a66-40b5-a624-9046778e74f5,61d34250-a255-4c7c-b2f0-0e012fbe2e78,c5d88abe-f23a-45fa-a534-788985e93dad,78b60b70-129a-4a6d-b15f-825b241eec66,False,,PUBLIC,Homo sapiens,True,euclidean,True,True,True,https://datasets.cellxgene.cziscience.com/78b60b70-129a-4a6d-b15f-825b241eec66.h5ad,UBERON:0001516 | UBERON:0001013 | UBERON:0010032 | UBERON:0001801 | UBERON:0000947 | UBERON:0001156 | UBERON:0018707 | UBERON:0000178 | UBERON:0002371 | UBERON:0001348 | UBERON:0006956 | UBERON:0002081 | UBERON:0002082 | UBERON:0019207 | UBERON:0001811 | UBERON:0000964 | UBERON:0001621 | UBERON:0001225 | UBERON:0004721 | UBERON:0002114 | UBERON:0000016 | UBERON:0001295 | UBERON:0000017 | UBERON:0000970 | UBERON:0001711 | UBERON:0000948 | UBERON:0002080 | UBERON:0002116 | UBERON:0001072 | UBERON:0001542 | UBERON:0002115 | UBERON:0002113 | UBERON:0001817 | UBERON:0000059 | UBERON:0001626 | UBERON:0002119 | UBERON:0002107 | UBERON:0002048 | UBERON:0000029 | UBERON:0001911 | UBERON:0002509 | UBERON:0001199 | UBERON:0002378 | UBERON:0008612 | UBERON:0001203 | UBERON:0001296 | UBERON:0010409 | UBERON:0000992 | UBERON:0001831 | UBERON:0010033 | UBERON:0001802 | UBERON:0002367 | UBERON:0003902 | UBERON:0002078 | UBERON:0002118 | UBERON:0001773 | UBERON:0001159 | UBERON:0001416 | UBERON:0002097 | UBERON:0001868 | UBERON:0002108 | UBERON:0002106 | UBERON:0000945 | UBERON:0004222 | UBERON:0002190 | UBERON:0001832 | UBERON:0001736 | UBERON:0000473 | UBERON:0001515 | UBERON:0002370 | UBERON:0003126 | UBERON:0000995 | UBERON:0001853 | UBERON:0002049,,,PATO:0000461,,,,,,,,,,
unk,Tabula Sapiens,Tabula Sapiens - Stromal,,232684,,,,Science,2022.0,10.1126/science.abl4896,https://cellxgene.cziscience.com/collections/e5f58829-1a66-40b5-a624-9046778e74f5,https://cellxgene.cziscience.com/e/a68b64d8-aee3-4947-81b7-36b8fe5a44d2.cxg/,abdominal aorta | adipose tissue | anterior part of tongue | anterior segment of eyeball | aorta | ascending colon | bladder organ | bone marrow | brown adipose tissue | buccal mucosa | cardiac atrium | cardiac ventricle | chorioretinal region | conjunctiva | cornea | coronary artery | crista ampullaris | duodenum | endocrine pancreas | endometrium | exocrine pancreas | eye | eyelid | heart | heart right ventricle | ileum | inferior vena cava | inguinal lymph node | jejunum | lacrimal gland | large intestine | left coronary artery | left ovary | liver | lung | lymph node | mammary gland | mesenteric lymph node | mucosa of stomach | muscle of abdomen | muscle of pelvic diaphragm | muscularis mucosae of stomach | myometrium | ocular surface region | ovary | parotid gland | posterior part of tongue | posterior segment of eyeball | prostate gland | retinal neural layer | right cardiac atrium | right ovary | sclera | sigmoid colon | skin of abdomen | skin of body | skin of chest | small intestine | spleen | stomach | stomach smooth muscle | subcutaneous adipose tissue | sublingual gland | submandibular gland | testis | thoracic aorta | thymus | tongue | trachea | uterus | utricle of membranous labyrinth | vasculature,normal,e5f58829-1a66-40b5-a624-9046778e74f5,61d34250-a255-4c7c-b2f0-0e012fbe2e78,a68b64d8-aee3-4947-81b7-36b8fe5a44d2,2776ea76-6919-458a-b82a-bba8bb6ce5a9,False,,PUBLIC,Homo sapiens,True,euclidean,True,True,True,https://datasets.cellxgene.cziscience.com/2776ea76-6919-458a-b82a-bba8bb6ce5a9.h5ad,UBERON:0001516 | UBERON:0001013 | UBERON:0010032 | UBERON:0001801 | UBERON:0000947 | UBERON:0001156 | UBERON:0018707 | UBERON:0002371 | UBERON:0001348 | UBERON:0006956 | UBERON:0002081 | UBERON:0002082 | UBERON:0019207 | UBERON:0001811 | UBERON:0000964 | UBERON:0001621 | UBERON:0004721 | UBERON:0002114 | UBERON:0000016 | UBERON:0001295 | UBERON:0000017 | UBERON:0000970 | UBERON:0001711 | UBERON:0000948 | UBERON:0002080 | UBERON:0002116 | UBERON:0001072 | UBERON:0001542 | UBERON:0002115 | UBERON:0001817 | UBERON:0000059 | UBERON:0001626 | UBERON:0002119 | UBERON:0002107 | UBERON:0002048 | UBERON:0000029 | UBERON:0001911 | UBERON:0002509 | UBERON:0001199 | UBERON:0002378 | UBERON:0008612 | UBERON:0001203 | UBERON:0001296 | UBERON:0010409 | UBERON:0000992 | UBERON:0001831 | UBERON:0010033 | UBERON:0001802 | UBERON:0002367 | UBERON:0003902 | UBERON:0002078 | UBERON:0002118 | UBERON:0001773 | UBERON:0001159 | UBERON:0001416 | UBERON:0002097 | UBERON:0001868 | UBERON:0002108 | UBERON:0002106 | UBERON:0000945 | UBERON:0004222 | UBERON:0002190 | UBERON:0001832 | UBERON:0001736 | UBERON:0000473 | UBERON:0001515 | UBERON:0002370 | UBERON:0001723 | UBERON:0003126 | UBERON:0000995 | UBERON:0001853 | UBERON:0002049,,,PATO:0000461,,,,,,,,,,
unk,Tabula Sapiens,Tabula Sapiens - Eye,,34273,,,,Science,2022.0,10.1126/science.abl4896,https://cellxgene.cziscience.com/collections/e5f58829-1a66-40b5-a624-9046778e74f5,https://cellxgene.cziscience.com/e/a0754256-f44b-4c4a-962c-a552e47d3fdc.cxg/,anterior segment of eyeball | chorioretinal region | conjunctiva | cornea | eye | eyelid | lacrimal gland | ocular surface region | posterior segment of eyeball | retinal neural layer | sclera,normal,e5f58829-1a66-40b5-a624-9046778e74f5,61d34250-a255-4c7c-b2f0-0e012fbe2e78,a0754256-f44b-4c4a-962c-a552e47d3fdc,e9b8ea4b-7901-4992-94c7-8e85ccd06fb5,False,,PUBLIC,Homo sapiens,True,euclidean,True,True,True,https://datasets.cellxgene.cziscience.com/e9b8ea4b-7901-4992-94c7-8e85ccd06fb5.h5ad,UBERON:0001801 | UBERON:0019207 | UBERON:0001811 | UBERON:0000964 | UBERON:0000970 | UBERON:0001711 | UBERON:0001817 | UBERON:0010409 | UBERON:0001802 | UBERON:0003902 | UBERON:0001773,,,PATO:0000461,,,,,,,,,,
unk,Tabula Sapiens,Tabula Sapiens - Neural,,2685,,,,Science,2022.0,10.1126/science.abl4896,https://cellxgene.cziscience.com/collections/e5f58829-1a66-40b5-a624-9046778e74f5,https://cellxgene.cziscience.com/e/6e4acdae-59ef-452b-a6d4-260cba368586.cxg/,anterior segment of eyeball | ascending colon | cornea | duodenum | eye | heart | heart right ventricle | ileum | lacrimal gland | large intestine | posterior segment of eyeball | retinal neural layer | right cardiac atrium | sclera | sigmoid colon | small intestine,normal,e5f58829-1a66-40b5-a624-9046778e74f5,61d34250-a255-4c7c-b2f0-0e012fbe2e78,6e4acdae-59ef-452b-a6d4-260cba368586,45d6f910-8ca8-4b61-9fe1-7ebad766c96b,False,,PUBLIC,Homo sapiens,True,euclidean,True,True,True,https://datasets.cellxgene.cziscience.com/45d6f910-8ca8-4b61-9fe1-7ebad766c96b.h5ad,UBERON:0001801 | UBERON:0001156 | UBERON:0000964 | UBERON:0002114 | UBERON:0000970 | UBERON:0000948 | UBERON:0002080 | UBERON:0002116 | UBERON:0001817 | UBERON:0000059 | UBERON:0001802 | UBERON:0003902 | UBERON:0002078 | UBERON:0001773 | UBERON:0001159 | UBERON:0002108,,,PATO:0000461,,,,,,,,,,
unk,Tabula Sapiens,Tabula Sapiens - All Cells,,1136218,,,,Science,2022.0,10.1126/science.abl4896,https://cellxgene.cziscience.com/collections/e5f58829-1a66-40b5-a624-9046778e74f5,https://cellxgene.cziscience.com/e/53d208b0-2cfd-4366-9866-c3c6114081bc.cxg/,abdominal aorta | adipose tissue | anterior part of tongue | anterior segment of eyeball | aorta | ascending colon | bladder organ | blood | bone marrow | brown adipose tissue | buccal mucosa | cardiac atrium | cardiac ventricle | chorioretinal region | conjunctiva | cornea | coronary artery | cortex of kidney | crista ampullaris | duodenum | endocrine pancreas | endometrium | exocrine pancreas | eye | eyelid | heart | heart right ventricle | ileum | inferior vena cava | inguinal lymph node | jejunum | kidney | lacrimal gland | large intestine | left coronary artery | left ovary | liver | lung | lymph node | mammary gland | mesenteric lymph node | mucosa of stomach | muscle of abdomen | muscle of pelvic diaphragm | muscularis mucosae of stomach | myometrium | ocular surface region | ovary | parotid gland | posterior part of tongue | posterior segment of eyeball | prostate gland | retinal neural layer | right cardiac atrium | right ovary | sclera | sigmoid colon | skin of abdomen | skin of body | skin of chest | small intestine | spleen | stomach | stomach smooth muscle | subcutaneous adipose tissue | sublingual gland | submandibular gland | testis | thoracic aorta | thymus | tongue | trachea | uterus | utricle of membranous labyrinth | vasculature,normal,e5f58829-1a66-40b5-a624-9046778e74f5,61d34250-a255-4c7c-b2f0-0e012fbe2e78,53d208b0-2cfd-4366-9866-c3c6114081bc,1c88f927-bcbb-4bb1-9881-281842945a2d,False,,PUBLIC,Homo sapiens,True,euclidean,True,True,True,https://datasets.cellxgene.cziscience.com/1c88f927-bcbb-4bb1-9881-281842945a2d.h5ad,UBERON:0001516 | UBERON:0001013 | UBERON:0010032 | UBERON:0001801 | UBERON:0000947 | UBERON:0001156 | UBERON:0018707 | UBERON:0000178 | UBERON:0002371 | UBERON:0001348 | UBERON:0006956 | UBERON:0002081 | UBERON:0002082 | UBERON:0019207 | UBERON:0001811 | UBERON:0000964 | UBERON:0001621 | UBERON:0001225 | UBERON:0004721 | UBERON:0002114 | UBERON:0000016 | UBERON:0001295 | UBERON:0000017 | UBERON:0000970 | UBERON:0001711 | UBERON:0000948 | UBERON:0002080 | UBERON:0002116 | UBERON:0001072 | UBERON:0001542 | UBERON:0002115 | UBERON:0002113 | UBERON:0001817 | UBERON:0000059 | UBERON:0001626 | UBERON:0002119 | UBERON:0002107 | UBERON:0002048 | UBERON:0000029 | UBERON:0001911 | UBERON:0002509 | UBERON:0001199 | UBERON:0002378 | UBERON:0008612 | UBERON:0001203 | UBERON:0001296 | UBERON:0010409 | UBERON:0000992 | UBERON:0001831 | UBERON:0010033 | UBERON:0001802 | UBERON:0002367 | UBERON:0003902 | UBERON:0002078 | UBERON:0002118 | UBERON:0001773 | UBERON:0001159 | UBERON:0001416 | UBERON:0002097 | UBERON:0001868 | UBERON:0002108 | UBERON:0002106 | UBERON:0000945 | UBERON:0004222 | UBERON:0002190 | UBERON:0001832 | UBERON:0001736 | UBERON:0000473 | UBERON:0001515 | UBERON:0002370 | UBERON:0001723 | UBERON:0003126 | UBERON:0000995 | UBERON:0001853 | UBERON:0002049,,,PATO:0000461,,,,,,,,,,
unk,A single-cell transcriptome atlas of the adult human retina,Retina,,19694,,,Lukowski,EMBO J,2019.0,10.15252/embj.2018100811,https://cellxgene.cziscience.com/collections/3472f32d-4a33-48e2-aad5-666d4631bf4c,https://cellxgene.cziscience.com/e/d5c67a4e-a8d9-456d-a273-fa01adb1b308.cxg/,retina,cataract | normal,3472f32d-4a33-48e2-aad5-666d4631bf4c,49501447-b86e-49eb-9d2b-0b65685282b7,d5c67a4e-a8d9-456d-a273-fa01adb1b308,6c032332-4b89-49cb-a0b7-70564dbccf19,False,,PUBLIC,Homo sapiens,True,euclidean,True,True,True,https://datasets.cellxgene.cziscience.com/6c032332-4b89-49cb-a0b7-70564dbccf19.h5ad,UBERON:0000966,,,MONDO:0005129 | PATO:0000461,,,,,,,,,,
unk,Human photoreceptor cells from different macular subregions have distinct transcriptional profiles,scRNA-seq of foveal and parafoveal retina,,34323,,,Voigt,Human Molecular Genetics,2021.0,10.1093/hmg/ddab140,https://cellxgene.cziscience.com/collections/e9c73b68-e980-49c2-8d0d-1c9cab21507e,https://cellxgene.cziscience.com/e/f5be9ed2-5d41-4a52-91e4-4ff24ff84900.cxg/,fovea centralis | perifoveal part of retina,macular degeneration | normal,e9c73b68-e980-49c2-8d0d-1c9cab21507e,c3b64534-3c05-48ea-a0a1-823199e43bdd,f5be9ed2-5d41-4a52-91e4-4ff24ff84900,5d37ddd9-06bf-4e8b-bfde-3f07fd49e774,False,,PUBLIC,Homo sapiens,True,euclidean,True,True,True,https://datasets.cellxgene.cziscience.com/5d37ddd9-06bf-4e8b-bfde-3f07fd49e774.h5ad,UBERON:0001786 | UBERON:0018105,,,MONDO:0003004 | PATO:0000461,,,,,,,,,,
unk,Single cell atlas of the human retina,snRNA-seq of human retina - retinal ganglion cell subset - excluding midget cells,,20587,,,Li,Nat Genet,2026.0,10.1038/s41588-025-02454-1,https://cellxgene.cziscience.com/collections/4c6eaf5c-6d57-4c76-b1e9-60df8c655f1e,https://cellxgene.cziscience.com/e/e404d417-56e4-40a5-b3c6-69e9f92d8cbd.cxg/,fovea centralis | macula lutea | macula lutea proper | peripheral region of retina,normal,4c6eaf5c-6d57-4c76-b1e9-60df8c655f1e,5d3ae1ad-9aa8-445c-9778-12718d400efa,e404d417-56e4-40a5-b3c6-69e9f92d8cbd,6b6c4c49-8c20-48ca-a4af-e3d6ea6279d4,False,,PUBLIC,Homo sapiens,True,euclidean,True,True,True,https://datasets.cellxgene.cziscience.com/6b6c4c49-8c20-48ca-a4af-e3d6ea6279d4.h5ad,UBERON:0001786 | UBERON:0000053 | UBERON:0002822 | UBERON:0013682,,,PATO:0000461,,,,,,,,,,
unk,Single cell atlas of the human retina,snRNA-seq of human retina - all cells,,3177310,,,Li,Nat Genet,2026.0,10.1038/s41588-025-02454-1,https://cellxgene.cziscience.com/collections/4c6eaf5c-6d57-4c76-b1e9-60df8c655f1e,https://cellxgene.cziscience.com/e/d6505c89-c43d-4c28-8c4f-7351a5fd5528.cxg/,fovea centralis | macula lutea | macula lutea proper | peripheral region of retina,normal,4c6eaf5c-6d57-4c76-b1e9-60df8c655f1e,5d3ae1ad-9aa8-445c-9778-12718d400efa,d6505c89-c43d-4c28-8c4f-7351a5fd5528,25f1558d-c1f8-49f8-addc-b778d8cbd4aa,False,,PUBLIC,Homo sapiens,True,euclidean,True,True,True,https://datasets.cellxgene.cziscience.com/25f1558d-c1f8-49f8-addc-b778d8cbd4aa.h5ad,UBERON:0001786 | UBERON:0000053 | UBERON:0002822 | UBERON:0013682,,,PATO:0000461,,,,,,,,,,
unk,Single cell atlas of the human retina,scRNA-seq of human retina - all cells,,265767,,,Li,Nat Genet,2026.0,10.1038/s41588-025-02454-1,https://cellxgene.cziscience.com/collections/4c6eaf5c-6d57-4c76-b1e9-60df8c655f1e,https://cellxgene.cziscience.com/e/be41a86a-b606-4b1c-8055-32f334898775.cxg/,chorioretinal region | fovea centralis | macula lutea proper | peripheral region of retina | retinal neural layer,normal,4c6eaf5c-6d57-4c76-b1e9-60df8c655f1e,5d3ae1ad-9aa8-445c-9778-12718d400efa,be41a86a-b606-4b1c-8055-32f334898775,9847a0f8-18a0-411c-bff9-827a607e7fcf,False,,PUBLIC,Homo sapiens,True,euclidean,True,True,True,https://datasets.cellxgene.cziscience.com/9847a0f8-18a0-411c-bff9-827a607e7fcf.h5ad,UBERON:0019207 | UBERON:0001786 | UBERON:0002822 | UBERON:0013682 | UBERON:0003902,,,PATO:0000461,,,,,,,,,,
unk,Single cell atlas of the human retina,snRNA-seq of human retina - bipolar cell subset,,691008,,,Li,Nat Genet,2026.0,10.1038/s41588-025-02454-1,https://cellxgene.cziscience.com/collections/4c6eaf5c-6d57-4c76-b1e9-60df8c655f1e,https://cellxgene.cziscience.com/e/975fd2d3-1982-47a1-9ef7-8cde3345f219.cxg/,fovea centralis | macula lutea | macula lutea proper | peripheral region of retina,normal,4c6eaf5c-6d57-4c76-b1e9-60df8c655f1e,5d3ae1ad-9aa8-445c-9778-12718d400efa,975fd2d3-1982-47a1-9ef7-8cde3345f219,6c9f72ef-bc79-4a98-a323-d26252cf5dab,False,,PUBLIC,Homo sapiens,True,euclidean,True,True,True,https://datasets.cellxgene.cziscience.com/6c9f72ef-bc79-4a98-a323-d26252cf5dab.h5ad,UBERON:0001786 | UBERON:0000053 | UBERON:0002822 | UBERON:0013682,,,PATO:0000461,,,,,,,,,,
unk,Single cell atlas of the human retina,snRNA-seq of human retina - retinal ganglion cell subset,,372816,,,Li,Nat Genet,2026.0,10.1038/s41588-025-02454-1,https://cellxgene.cziscience.com/collections/4c6eaf5c-6d57-4c76-b1e9-60df8c655f1e,https://cellxgene.cziscience.com/e/95ce06a0-7de9-4ab2-bcd1-a6625f55e7e3.cxg/,fovea centralis | macula lutea | macula lutea proper | peripheral region of retina,normal,4c6eaf5c-6d57-4c76-b1e9-60df8c655f1e,5d3ae1ad-9aa8-445c-9778-12718d400efa,95ce06a0-7de9-4ab2-bcd1-a6625f55e7e3,3a22048d-c63a-4117-9945-ccf96c063ac3,False,,PUBLIC,Homo sapiens,True,euclidean,True,True,True,https://datasets.cellxgene.cziscience.com/3a22048d-c63a-4117-9945-ccf96c063ac3.h5ad,UBERON:0001786 | UBERON:0000053 | UBERON:0002822 | UBERON:0013682,,,PATO:0000461,,,,,,,,,,
unk,Single cell atlas of the human retina,snRNA-seq of human retina - amacrine cell subset,,571579,,,Li,Nat Genet,2026.0,10.1038/s41588-025-02454-1,https://cellxgene.cziscience.com/collections/4c6eaf5c-6d57-4c76-b1e9-60df8c655f1e,https://cellxgene.cziscience.com/e/8c0a3574-b0ad-4e4f-b5d3-d1a743b00d4a.cxg/,fovea centralis | macula lutea | macula lutea proper | peripheral region of retina,normal,4c6eaf5c-6d57-4c76-b1e9-60df8c655f1e,5d3ae1ad-9aa8-445c-9778-12718d400efa,8c0a3574-b0ad-4e4f-b5d3-d1a743b00d4a,7710a02a-55b2-4a81-a3d4-aba6b217386e,False,,PUBLIC,Homo sapiens,True,euclidean,True,True,True,https://datasets.cellxgene.cziscience.com/7710a02a-55b2-4a81-a3d4-aba6b217386e.h5ad,UBERON:0001786 | UBERON:0000053 | UBERON:0002822 | UBERON:0013682,,,PATO:0000461,,,,,,,,,,
unk,Single cell atlas of the human retina,snRNA-seq of human retina - retinal ganglion cell subset - refined clustering,,345257,,,Li,Nat Genet,2026.0,10.1038/s41588-025-02454-1,https://cellxgene.cziscience.com/collections/4c6eaf5c-6d57-4c76-b1e9-60df8c655f1e,https://cellxgene.cziscience.com/e/547b47fa-d4e4-439e-bace-5b3b0f45fa23.cxg/,fovea centralis | macula lutea | macula lutea proper | peripheral region of retina,normal,4c6eaf5c-6d57-4c76-b1e9-60df8c655f1e,5d3ae1ad-9aa8-445c-9778-12718d400efa,547b47fa-d4e4-439e-bace-5b3b0f45fa23,e4c0ab7b-35da-4d47-a285-f25db28c1624,False,,PUBLIC,Homo sapiens,True,euclidean,True,True,True,https://datasets.cellxgene.cziscience.com/e4c0ab7b-35da-4d47-a285-f25db28c1624.h5ad,UBERON:0001786 | UBERON:0000053 | UBERON:0002822 | UBERON:0013682,,,PATO:0000461,,,,,,,,,,
unk,Single cell atlas of the human retina,scRNA-seq of human retina - bipolar cell subclass,,72788,,,Li,Nat Genet,2026.0,10.1038/s41588-025-02454-1,https://cellxgene.cziscience.com/collections/4c6eaf5c-6d57-4c76-b1e9-60df8c655f1e,https://cellxgene.cziscience.com/e/459dc9de-9ab8-4e4d-ac44-182595b1c18b.cxg/,chorioretinal region | fovea centralis | macula lutea proper | peripheral region of retina | retinal neural layer,normal,4c6eaf5c-6d57-4c76-b1e9-60df8c655f1e,5d3ae1ad-9aa8-445c-9778-12718d400efa,459dc9de-9ab8-4e4d-ac44-182595b1c18b,a11a14b3-13ea-4c22-a961-45a377091fea,False,,PUBLIC,Homo sapiens,True,euclidean,True,True,True,https://datasets.cellxgene.cziscience.com/a11a14b3-13ea-4c22-a961-45a377091fea.h5ad,UBERON:0019207 | UBERON:0001786 | UBERON:0002822 | UBERON:0013682 | UBERON:0003902,,,PATO:0000461,,,,,,,,,,
