collection_name,dataset_title,total_cell_count,author_cell_type,embedding,first_author,journal,year,collection_url,tissue,disease,collection_id,collection_version_id,dataset_id,dataset_version_id,is_preprint,revised_at,visibility,organism,filter_normal,metric,save_scores,save_cluster_summary,save_annotation,h5ad_url
LungMAP — Human data from a broad age healthy donor group,Single-cell multiomic profiling of human lungs across age groups,46500,,,Wang,eLife,2020,https://cellxgene.cziscience.com/collections/625f6bf4-2f33-4942-962e-35243d284837,lung,normal,625f6bf4-2f33-4942-962e-35243d284837,41222d84-f6cc-4705-be46-1e9aa5502063,3de0ad6d-4378-4f62-b37b-ec0b75a50d94,b1ba366b-d63b-4fdb-8bc6-c3c27dc3bd89,FALSE,,PUBLIC,Homo sapiens,TRUE,euclidean,TRUE,TRUE,TRUE,https://datasets.cellxgene.cziscience.com/b1ba366b-d63b-4fdb-8bc6-c3c27dc3bd89.h5ad
The integrated Human Lung Cell Atlas,An integrated cell atlas of the human lung in health and disease (full),2282447,,,Sikkema,Nat Med,2023,https://cellxgene.cziscience.com/collections/6f6d381a-7701-4781-935c-db10d30de293,lung | lung parenchyma | nose | respiratory airway,COVID-19 | chronic obstructive pulmonary disease | chronic rhinitis | cystic fibrosis | hypersensitivity pneumonitis | interstitial lung disease | lung adenocarcinoma | lung large cell carcinoma | lymphangioleiomyomatosis | non-specific interstitial pneumonia | normal | pleomorphic carcinoma | pneumonia | pulmonary fibrosis | pulmonary sarcoidosis | squamous cell lung carcinoma,6f6d381a-7701-4781-935c-db10d30de293,99df0d1e-e330-4204-92ef-c564b684930a,9f222629-9e39-47d0-b83f-e08d610c7479,dbb5ad81-1713-4aee-8257-396fbabe7c6e,FALSE,,PUBLIC,Homo sapiens,TRUE,euclidean,TRUE,TRUE,TRUE,https://datasets.cellxgene.cziscience.com/dbb5ad81-1713-4aee-8257-396fbabe7c6e.h5ad
The integrated Human Lung Cell Atlas,An integrated cell atlas of the human lung in health and disease (core),584944,,,Sikkema,Nat Med,2023,https://cellxgene.cziscience.com/collections/6f6d381a-7701-4781-935c-db10d30de293,lung parenchyma | nose | respiratory airway,normal,6f6d381a-7701-4781-935c-db10d30de293,99df0d1e-e330-4204-92ef-c564b684930a,066943a2-fdac-4b29-b348-40cede398e4e,4cb45d80-499a-48ae-a056-c71ac3552c94,FALSE,,PUBLIC,Homo sapiens,TRUE,euclidean,TRUE,TRUE,TRUE,https://datasets.cellxgene.cziscience.com/4cb45d80-499a-48ae-a056-c71ac3552c94.h5ad
Charting human development using a multi-endodermal organ atlas and organoid models,Developing Human Atlas,155232,,,Yu,Cell,2021,https://cellxgene.cziscience.com/collections/dfc09a93-bce0-4c77-893d-e153d1b7f9fa,body of stomach | colon | duodenum | epithelium of trachea | esophagus | ileum | jejunum | liver | lung | pyloric antrum | small intestine | stomach,normal,dfc09a93-bce0-4c77-893d-e153d1b7f9fa,4d3be912-2900-4a1a-ab36-f35116617078,9968be68-ab65-4a38-9e1a-c9b6abece194,a0215936-cfde-4162-9b34-b3fbcbc7d9e3,FALSE,,PUBLIC,Homo sapiens,TRUE,euclidean,TRUE,TRUE,TRUE,https://datasets.cellxgene.cziscience.com/a0215936-cfde-4162-9b34-b3fbcbc7d9e3.h5ad
Cell culture differentiation and proliferation conditions influence the in vitro regeneration of the human airway epithelium,Air-Liquid Interface cultures of human airway epithelium in 4 differentiation media - Redman et al.,10224,,,Redman,Am J Respir Cell Mol Biol,2024,https://cellxgene.cziscience.com/collections/73cf6939-3caa-4105-bc57-e073ee885a28,epithelial cell of lung,normal,73cf6939-3caa-4105-bc57-e073ee885a28,ef5c1741-b76b-4458-b624-b96cd3887917,c69fb6cd-fc4d-4216-85cb-8d80e7771786,fb491477-68cd-47cf-9163-ee1da2e4639f,FALSE,,PUBLIC,Homo sapiens,TRUE,euclidean,TRUE,TRUE,TRUE,https://datasets.cellxgene.cziscience.com/fb491477-68cd-47cf-9163-ee1da2e4639f.h5ad
SARS-CoV-2 receptor ACE2 and TMPRSS2 are primarily expressed in bronchial transient secretory cells,Lung,39778,,,Lukassen,The EMBO Journal,2020,https://cellxgene.cziscience.com/collections/6ff3401b-d72c-4940-a00c-3f0792397082,lung,normal,6ff3401b-d72c-4940-a00c-3f0792397082,5e92724e-14ff-4fc6-8a63-7ba578c9d15d,2f132ec9-24b5-422f-9be0-ccef03b4fe28,667f3b2e-c7fd-49a6-a1a4-79999f1d46ad,FALSE,,PUBLIC,Homo sapiens,TRUE,euclidean,TRUE,TRUE,TRUE,https://datasets.cellxgene.cziscience.com/667f3b2e-c7fd-49a6-a1a4-79999f1d46ad.h5ad
Azimuth meta-analysis of human scRNA-seq datasets,Human - Lung v2 (HLCA),584884,,,,,,https://cellxgene.cziscience.com/collections/2f75d249-1bec-459b-bf2b-b86221097ced,lung parenchyma | nose | respiratory airway,normal,2f75d249-1bec-459b-bf2b-b86221097ced,a29b844e-21e2-4aee-ad80-4fb538818de2,f72958f5-7f42-4ebb-98da-445b0c6de516,4b334171-7b7e-4911-8d33-37f2835f4385,,,PUBLIC,Homo sapiens,TRUE,euclidean,TRUE,TRUE,TRUE,https://datasets.cellxgene.cziscience.com/4b334171-7b7e-4911-8d33-37f2835f4385.h5ad
Human γδ T cells in diverse tissues exhibit site-specific maturation dynamics across the lifespan,scRNA-seq of adult gamma delta T cells,7417,,,Gray,Sci. Immunol.,2024,https://cellxgene.cziscience.com/collections/ec691f5f-0aac-433c-8f78-e7f4b85a05e0,jejunum | lung | mesenteric lymph node | spleen | thoracic lymph node,normal,ec691f5f-0aac-433c-8f78-e7f4b85a05e0,0d25e16c-0fdf-460e-9d29-2a9da7d59aea,5f4556b6-017e-49b3-b31c-c6e8e226c9fb,e1511f7d-7b21-48e9-89d1-6a84c9dacf7f,FALSE,,PUBLIC,Homo sapiens,TRUE,euclidean,TRUE,TRUE,TRUE,https://datasets.cellxgene.cziscience.com/e1511f7d-7b21-48e9-89d1-6a84c9dacf7f.h5ad
HTAN MSK - Single cell profiling reveals novel tumor and myeloid subpopulations in small cell lung cancer,Immune cells,73047,,,Chan,Cancer Cell,2021,https://cellxgene.cziscience.com/collections/62e8f058-9c37-48bc-9200-e767f318a8ec,adrenal gland | axilla | bone spine | brain | liver | lung | lymph node | pleural effusion,lung adenocarcinoma | normal | small cell lung carcinoma,62e8f058-9c37-48bc-9200-e767f318a8ec,d4161c8e-37bc-4db2-b206-e550734c4b9b,f64e1be1-de15-4d27-8da4-82225cd4c035,7b48de1d-71f0-4867-8a68-320dda7922c8,FALSE,,PUBLIC,Homo sapiens,TRUE,euclidean,TRUE,TRUE,TRUE,https://datasets.cellxgene.cziscience.com/7b48de1d-71f0-4867-8a68-320dda7922c8.h5ad
HTAN MSK - Single cell profiling reveals novel tumor and myeloid subpopulations in small cell lung cancer,Myeloid cells,14072,,,Chan,Cancer Cell,2021,https://cellxgene.cziscience.com/collections/62e8f058-9c37-48bc-9200-e767f318a8ec,adrenal gland | axilla | bone spine | brain | liver | lung | lymph node | pleural effusion,lung adenocarcinoma | normal | small cell lung carcinoma,62e8f058-9c37-48bc-9200-e767f318a8ec,d4161c8e-37bc-4db2-b206-e550734c4b9b,e9175006-8978-4417-939f-819855eab80e,ef1d3e7e-8bc2-4363-b902-006a4a6e543b,FALSE,,PUBLIC,Homo sapiens,TRUE,euclidean,TRUE,TRUE,TRUE,https://datasets.cellxgene.cziscience.com/ef1d3e7e-8bc2-4363-b902-006a4a6e543b.h5ad
HTAN MSK - Single cell profiling reveals novel tumor and myeloid subpopulations in small cell lung cancer,NSCLC epithelial cells,9778,,,Chan,Cancer Cell,2021,https://cellxgene.cziscience.com/collections/62e8f058-9c37-48bc-9200-e767f318a8ec,adrenal gland | axilla | bone spine | brain | liver | lung | lymph node | pleural effusion,lung adenocarcinoma | normal | small cell lung carcinoma,62e8f058-9c37-48bc-9200-e767f318a8ec,d4161c8e-37bc-4db2-b206-e550734c4b9b,d4cfefa0-3a35-44eb-b848-d7a725b481e7,7de57b59-cfe7-4600-aedb-bab372db4d63,FALSE,,PUBLIC,Homo sapiens,TRUE,euclidean,TRUE,TRUE,TRUE,https://datasets.cellxgene.cziscience.com/7de57b59-cfe7-4600-aedb-bab372db4d63.h5ad
HTAN MSK - Single cell profiling reveals novel tumor and myeloid subpopulations in small cell lung cancer,Mesenchymal cells,8030,,,Chan,Cancer Cell,2021,https://cellxgene.cziscience.com/collections/62e8f058-9c37-48bc-9200-e767f318a8ec,adrenal gland | axilla | bone spine | brain | liver | lung | lymph node | pleural effusion,lung adenocarcinoma | normal | small cell lung carcinoma,62e8f058-9c37-48bc-9200-e767f318a8ec,d4161c8e-37bc-4db2-b206-e550734c4b9b,d224c8e0-c28e-4360-9e42-b3977cd83f9f,0cebdf9d-4601-4d10-843e-9e415e89b3ab,FALSE,,PUBLIC,Homo sapiens,TRUE,euclidean,TRUE,TRUE,TRUE,https://datasets.cellxgene.cziscience.com/0cebdf9d-4601-4d10-843e-9e415e89b3ab.h5ad
HTAN MSK - Single cell profiling reveals novel tumor and myeloid subpopulations in small cell lung cancer,Myeloid SCLC samples only,2951,,,Chan,Cancer Cell,2021,https://cellxgene.cziscience.com/collections/62e8f058-9c37-48bc-9200-e767f318a8ec,adrenal gland | axilla | liver | lung | lymph node | pleural effusion,small cell lung carcinoma,62e8f058-9c37-48bc-9200-e767f318a8ec,d4161c8e-37bc-4db2-b206-e550734c4b9b,b47cf863-d90d-4fe5-a1eb-1a4785a3e329,ec7ff59e-1e59-4789-9635-1f41e1789ac5,FALSE,,PUBLIC,Homo sapiens,TRUE,euclidean,TRUE,TRUE,TRUE,https://datasets.cellxgene.cziscience.com/ec7ff59e-1e59-4789-9635-1f41e1789ac5.h5ad
HTAN MSK - Single cell profiling reveals novel tumor and myeloid subpopulations in small cell lung cancer,Epithelial cells,64091,,,Chan,Cancer Cell,2021,https://cellxgene.cziscience.com/collections/62e8f058-9c37-48bc-9200-e767f318a8ec,adrenal gland | axilla | bone spine | brain | liver | lung | lymph node | pleural effusion,lung adenocarcinoma | normal | small cell lung carcinoma,62e8f058-9c37-48bc-9200-e767f318a8ec,d4161c8e-37bc-4db2-b206-e550734c4b9b,a6858c10-c52a-4a1d-bc12-a90dbd51ca66,9d89f65f-ff82-4093-98d1-cddd0195dab1,FALSE,,PUBLIC,Homo sapiens,TRUE,euclidean,TRUE,TRUE,TRUE,https://datasets.cellxgene.cziscience.com/9d89f65f-ff82-4093-98d1-cddd0195dab1.h5ad
HTAN MSK - Single cell profiling reveals novel tumor and myeloid subpopulations in small cell lung cancer,SCLC immune cells,16475,,,Chan,Cancer Cell,2021,https://cellxgene.cziscience.com/collections/62e8f058-9c37-48bc-9200-e767f318a8ec,adrenal gland | axilla | liver | lung | lymph node | pleural effusion,small cell lung carcinoma,62e8f058-9c37-48bc-9200-e767f318a8ec,d4161c8e-37bc-4db2-b206-e550734c4b9b,76347874-8801-44bf-9aea-0da21c78c430,75f0616a-fb2c-469d-9fa3-592413056dca,FALSE,,PUBLIC,Homo sapiens,TRUE,euclidean,TRUE,TRUE,TRUE,https://datasets.cellxgene.cziscience.com/75f0616a-fb2c-469d-9fa3-592413056dca.h5ad
HTAN MSK - Single cell profiling reveals novel tumor and myeloid subpopulations in small cell lung cancer,Combined samples,147137,,,Chan,Cancer Cell,2021,https://cellxgene.cziscience.com/collections/62e8f058-9c37-48bc-9200-e767f318a8ec,adrenal gland | axilla | bone spine | brain | liver | lung | lymph node | pleural effusion,lung adenocarcinoma | normal | small cell lung carcinoma,62e8f058-9c37-48bc-9200-e767f318a8ec,d4161c8e-37bc-4db2-b206-e550734c4b9b,576f193c-75d0-4a11-bd25-8676587e6dc2,5b7cbce2-ed53-47a4-99f8-10af741814e6,FALSE,,PUBLIC,Homo sapiens,TRUE,euclidean,TRUE,TRUE,TRUE,https://datasets.cellxgene.cziscience.com/5b7cbce2-ed53-47a4-99f8-10af741814e6.h5ad
HTAN MSK - Single cell profiling reveals novel tumor and myeloid subpopulations in small cell lung cancer,T cells,46140,,,Chan,Cancer Cell,2021,https://cellxgene.cziscience.com/collections/62e8f058-9c37-48bc-9200-e767f318a8ec,adrenal gland | axilla | bone spine | brain | liver | lung | lymph node | pleural effusion,lung adenocarcinoma | normal | small cell lung carcinoma,62e8f058-9c37-48bc-9200-e767f318a8ec,d4161c8e-37bc-4db2-b206-e550734c4b9b,486486d4-9462-43e5-9249-eb43fa5a49a6,741cdfbb-f609-47f9-989d-7152a3489493,FALSE,,PUBLIC,Homo sapiens,TRUE,euclidean,TRUE,TRUE,TRUE,https://datasets.cellxgene.cziscience.com/741cdfbb-f609-47f9-989d-7152a3489493.h5ad
HTAN MSK - Single cell profiling reveals novel tumor and myeloid subpopulations in small cell lung cancer,SCLC epithelial cells,54313,,,Chan,Cancer Cell,2021,https://cellxgene.cziscience.com/collections/62e8f058-9c37-48bc-9200-e767f318a8ec,adrenal gland | axilla | liver | lung | lymph node | pleural effusion,small cell lung carcinoma,62e8f058-9c37-48bc-9200-e767f318a8ec,d4161c8e-37bc-4db2-b206-e550734c4b9b,34deb33b-a50e-4993-a38b-1c0e5079c1c2,f5270751-0cfe-44ca-9d3b-8646e733bffd,FALSE,,PUBLIC,Homo sapiens,TRUE,euclidean,TRUE,TRUE,TRUE,https://datasets.cellxgene.cziscience.com/f5270751-0cfe-44ca-9d3b-8646e733bffd.h5ad
Context-aware single-cell multiomics approach identifies cell-type specific lung cancer susceptibility genes,Context-aware single-cell multiomics approach identifies cell-type-specific lung cancer susceptibility genes.,116778,,,Long,Nat Commun,2024,https://cellxgene.cziscience.com/collections/ad10cef8-9c6c-488f-9b50-d252d49b6837,lung,normal,ad10cef8-9c6c-488f-9b50-d252d49b6837,5811dbcf-efde-4717-890d-df3fa5d6a685,92594117-6e7c-47bd-bd6b-65c52cea167b,7e6a97a5-5143-4773-ba41-b95f45a30526,FALSE,,PUBLIC,Homo sapiens,TRUE,euclidean,TRUE,TRUE,TRUE,https://datasets.cellxgene.cziscience.com/7e6a97a5-5143-4773-ba41-b95f45a30526.h5ad
Emphysema Cell Atlas,non-immune cells,18386,,,Wang,Immunity,2023,https://cellxgene.cziscience.com/collections/03cdc7f4-bd08-49d0-a395-4487c0e5a168,alveolus of lung,normal | pulmonary emphysema,03cdc7f4-bd08-49d0-a395-4487c0e5a168,416b2d25-cc16-4bf2-91c4-9684f880b97a,4b6af54a-4a21-46e0-bc8d-673c0561a836,86d2948e-9ff9-47c7-9d83-999c4cfa1789,FALSE,,PUBLIC,Homo sapiens,TRUE,euclidean,TRUE,TRUE,TRUE,https://datasets.cellxgene.cziscience.com/86d2948e-9ff9-47c7-9d83-999c4cfa1789.h5ad
Emphysema Cell Atlas,AT2 cells,3662,,,Wang,Immunity,2023,https://cellxgene.cziscience.com/collections/03cdc7f4-bd08-49d0-a395-4487c0e5a168,alveolus of lung,normal | pulmonary emphysema,03cdc7f4-bd08-49d0-a395-4487c0e5a168,416b2d25-cc16-4bf2-91c4-9684f880b97a,214bf9eb-93db-48c8-8e3c-9bb22fa3bc63,0c8d8b39-9859-40a0-af2a-36908a70d9ae,FALSE,,PUBLIC,Homo sapiens,TRUE,euclidean,TRUE,TRUE,TRUE,https://datasets.cellxgene.cziscience.com/0c8d8b39-9859-40a0-af2a-36908a70d9ae.h5ad
Emphysema Cell Atlas,immune cells,35699,,,Wang,Immunity,2023,https://cellxgene.cziscience.com/collections/03cdc7f4-bd08-49d0-a395-4487c0e5a168,alveolus of lung,normal | pulmonary emphysema,03cdc7f4-bd08-49d0-a395-4487c0e5a168,416b2d25-cc16-4bf2-91c4-9684f880b97a,1e5bd3b8-6a0e-4959-8d69-cafed30fe814,b1348c02-123e-4e06-8511-def04849cb8d,FALSE,,PUBLIC,Homo sapiens,TRUE,euclidean,TRUE,TRUE,TRUE,https://datasets.cellxgene.cziscience.com/b1348c02-123e-4e06-8511-def04849cb8d.h5ad
Bronchopulmonary Dysplasia,Bronchopulmonary dysplasia,271381,,,,,,https://cellxgene.cziscience.com/collections/3a5dbf8a-9b3e-4309-b4c5-d8a024f83734,middle lobe of right lung,bronchopulmonary dysplasia | normal,3a5dbf8a-9b3e-4309-b4c5-d8a024f83734,575961d0-5700-40d4-9eed-86e91b464f04,d68a8b48-abf0-4bd5-8834-155d34ec448a,759340c3-4596-40f6-88b9-b2b984686e06,,,PUBLIC,Homo sapiens,TRUE,euclidean,TRUE,TRUE,TRUE,https://datasets.cellxgene.cziscience.com/759340c3-4596-40f6-88b9-b2b984686e06.h5ad
Human CellCards Multi-Study CellRef 1.0 Atlas,Human CellCards Multi-Study CellRef 1.0 Atlas,347970,,,Guo,Nat Commun,2023,https://cellxgene.cziscience.com/collections/f86d6317-7215-409e-bfda-3f4ded3dadaa,lung,normal,f86d6317-7215-409e-bfda-3f4ded3dadaa,73b18151-d281-40f8-8932-8e65c21009c2,eb499fd8-7000-419f-8854-926b9b61b11f,8b459307-bce0-45f9-9e45-a0a3673058a2,FALSE,,PUBLIC,Homo sapiens,TRUE,euclidean,TRUE,TRUE,TRUE,https://datasets.cellxgene.cziscience.com/8b459307-bce0-45f9-9e45-a0a3673058a2.h5ad
High-resolution single-cell atlas reveals diversity and plasticity of tumor-associated neutrophils in non-small cell lung cancer,The single-cell lung cancer atlas (LuCA) -- core atlas,892296,,,Salcher,Cancer Cell,2022,https://cellxgene.cziscience.com/collections/edb893ee-4066-4128-9aec-5eb2b03f8287,adrenal tissue | brain | liver | lung | lymph node | pleural effusion,chronic obstructive pulmonary disease | lung adenocarcinoma | non-small cell lung carcinoma | normal | squamous cell lung carcinoma,edb893ee-4066-4128-9aec-5eb2b03f8287,1f3f3745-2968-453d-8b3e-0660641a9693,232f6a5a-a04c-4758-a6e8-88ab2e3a6e69,c1870f1f-ca36-4d96-b03b-7dc0e96d83ee,FALSE,,PUBLIC,Homo sapiens,TRUE,euclidean,TRUE,TRUE,TRUE,https://datasets.cellxgene.cziscience.com/c1870f1f-ca36-4d96-b03b-7dc0e96d83ee.h5ad
High-resolution single-cell atlas reveals diversity and plasticity of tumor-associated neutrophils in non-small cell lung cancer,The single-cell lung cancer atlas (LuCA) -- extended atlas,1283972,,,Salcher,Cancer Cell,2022,https://cellxgene.cziscience.com/collections/edb893ee-4066-4128-9aec-5eb2b03f8287,adrenal tissue | brain | liver | lung | lymph node | pleural effusion,chronic obstructive pulmonary disease | lung adenocarcinoma | non-small cell lung carcinoma | normal | squamous cell lung carcinoma,edb893ee-4066-4128-9aec-5eb2b03f8287,1f3f3745-2968-453d-8b3e-0660641a9693,1e6a6ef9-7ec9-4c90-bbfb-2ad3c3165fd1,f678fb47-e51b-4dc5-b23f-f9df43a67ee5,FALSE,,PUBLIC,Homo sapiens,TRUE,euclidean,TRUE,TRUE,TRUE,https://datasets.cellxgene.cziscience.com/f678fb47-e51b-4dc5-b23f-f9df43a67ee5.h5ad
Transcriptomic Analysis of Air-Liquid Interface Culture in Human Lung Organoids Reveals Regulators of Epithelial Differentiation,Transcriptomic Analysis of Air-Liquid Interface Culture in Human Lung Organoids Reveals Regulators of Epithelial Differentiation,15806,,,Kim,Cells,2024,https://cellxgene.cziscience.com/collections/e9cf4e8d-05ed-4d95-b550-af35ca219390,epithelial cell of lung | lung,normal,e9cf4e8d-05ed-4d95-b550-af35ca219390,12228239-9a14-476a-b8dd-5c867fb86b03,ef1a4b05-540c-4f73-8ceb-49dfa800645d,590f3407-9bba-4642-8ec2-510b607ad3db,FALSE,,PUBLIC,Homo sapiens,TRUE,euclidean,TRUE,TRUE,TRUE,https://datasets.cellxgene.cziscience.com/590f3407-9bba-4642-8ec2-510b607ad3db.h5ad
Automatic cell-type harmonization and integration across Human Cell Atlas datasets,Lung,318426,,,Xu,Cell,2023,https://cellxgene.cziscience.com/collections/854c0855-23ad-4362-8b77-6b1639e7a9fc,bronchus | lower lobe of left lung | lung | lung parenchyma | upper lobe of left lung,normal,854c0855-23ad-4362-8b77-6b1639e7a9fc,bf868bea-52be-443c-bbce-bb35249085b9,493a8b60-d676-44d1-b022-d14c1ad0b36c,018a8104-6273-4114-b24d-efd15478cea8,FALSE,,PUBLIC,Homo sapiens,TRUE,euclidean,TRUE,TRUE,TRUE,https://datasets.cellxgene.cziscience.com/018a8104-6273-4114-b24d-efd15478cea8.h5ad
Multimodal profiling reveals tissue-directed signatures of human immune cells altered with age,Immune aging project - innate lymphoid cell subset,130414,,,Wells,Nat Immunol,2025,https://cellxgene.cziscience.com/collections/cc431242-35ea-41e1-a100-41e0dec2665b,blood | bone marrow | epithelial lining fluid | inguinal lymph node | jejunal epithelium | jejunum lamina propria | lung | mesenteric lymph node | spleen | thoracic lymph node,normal,cc431242-35ea-41e1-a100-41e0dec2665b,b0bc35c2-280e-4b02-97d5-c5f2fc4b8593,e3da8320-0b3c-4bae-ad55-a89eb59ca870,a6ab3ceb-3e8e-4fcc-862c-af6792cc845f,FALSE,,PUBLIC,Homo sapiens,TRUE,euclidean,TRUE,TRUE,TRUE,https://datasets.cellxgene.cziscience.com/a6ab3ceb-3e8e-4fcc-862c-af6792cc845f.h5ad
Multimodal profiling reveals tissue-directed signatures of human immune cells altered with age,Immune aging project - t cell subset,610429,,,Wells,Nat Immunol,2025,https://cellxgene.cziscience.com/collections/cc431242-35ea-41e1-a100-41e0dec2665b,blood | bone marrow | epithelial lining fluid | inguinal lymph node | jejunal epithelium | jejunum lamina propria | lung | mesenteric lymph node | spleen | thoracic lymph node,normal,cc431242-35ea-41e1-a100-41e0dec2665b,b0bc35c2-280e-4b02-97d5-c5f2fc4b8593,960ecd06-e7c2-463d-9a5b-6832994376c6,965008a7-e698-413c-a746-8855a945a7c5,FALSE,,PUBLIC,Homo sapiens,TRUE,euclidean,TRUE,TRUE,TRUE,https://datasets.cellxgene.cziscience.com/965008a7-e698-413c-a746-8855a945a7c5.h5ad
Multimodal profiling reveals tissue-directed signatures of human immune cells altered with age,Immune aging project - b cell subset,272162,,,Wells,Nat Immunol,2025,https://cellxgene.cziscience.com/collections/cc431242-35ea-41e1-a100-41e0dec2665b,blood | bone marrow | epithelial lining fluid | inguinal lymph node | jejunal epithelium | jejunum lamina propria | lung | mesenteric lymph node | spleen | thoracic lymph node,normal,cc431242-35ea-41e1-a100-41e0dec2665b,b0bc35c2-280e-4b02-97d5-c5f2fc4b8593,3f766409-fcd6-4553-99e8-259bc24a6be6,675cf3b0-7523-4c61-9124-54684f8ad281,FALSE,,PUBLIC,Homo sapiens,TRUE,euclidean,TRUE,TRUE,TRUE,https://datasets.cellxgene.cziscience.com/675cf3b0-7523-4c61-9124-54684f8ad281.h5ad
Multimodal profiling reveals tissue-directed signatures of human immune cells altered with age,Immune aging project - all cells,1281499,,,Wells,Nat Immunol,2025,https://cellxgene.cziscience.com/collections/cc431242-35ea-41e1-a100-41e0dec2665b,blood | bone marrow | colonic epithelium | epithelial lining fluid | inguinal lymph node | jejunal epithelium | jejunum lamina propria | lamina propria of mucosa of colon | liver | lung | mesenteric lymph node | skin of body | spleen | thoracic lymph node,normal,cc431242-35ea-41e1-a100-41e0dec2665b,b0bc35c2-280e-4b02-97d5-c5f2fc4b8593,1b350d0a-4535-4879-beb6-1142f3f94947,7c98dadf-b249-4873-83be-51776674e9e1,FALSE,,PUBLIC,Homo sapiens,TRUE,euclidean,TRUE,TRUE,TRUE,https://datasets.cellxgene.cziscience.com/7c98dadf-b249-4873-83be-51776674e9e1.h5ad
Multimodal profiling reveals tissue-directed signatures of human immune cells altered with age,Immune aging project - myeloid cell subset,225268,,,Wells,Nat Immunol,2025,https://cellxgene.cziscience.com/collections/cc431242-35ea-41e1-a100-41e0dec2665b,blood | bone marrow | epithelial lining fluid | inguinal lymph node | jejunal epithelium | jejunum lamina propria | lung | mesenteric lymph node | spleen | thoracic lymph node,normal,cc431242-35ea-41e1-a100-41e0dec2665b,b0bc35c2-280e-4b02-97d5-c5f2fc4b8593,11ae668a-88c2-4d86-ba08-524fe576a882,f97e8224-3ec7-4d2a-873d-94c6cce7ffe2,FALSE,,PUBLIC,Homo sapiens,TRUE,euclidean,TRUE,TRUE,TRUE,https://datasets.cellxgene.cziscience.com/f97e8224-3ec7-4d2a-873d-94c6cce7ffe2.h5ad
Tabula Sapiens,Tabula Sapiens - Immune,592317,,,,Science,2022,https://cellxgene.cziscience.com/collections/e5f58829-1a66-40b5-a624-9046778e74f5,abdominal aorta | adipose tissue | anterior part of tongue | anterior segment of eyeball | aorta | ascending colon | bladder organ | blood | bone marrow | brown adipose tissue | buccal mucosa | cardiac atrium | cardiac ventricle | chorioretinal region | conjunctiva | cornea | coronary artery | cortex of kidney | crista ampullaris | duodenum | endocrine pancreas | endometrium | exocrine pancreas | eye | eyelid | heart | heart right ventricle | ileum | inferior vena cava | inguinal lymph node | jejunum | kidney | lacrimal gland | large intestine | left coronary artery | left ovary | liver | lung | lymph node | mammary gland | mesenteric lymph node | mucosa of stomach | muscle of abdomen | muscle of pelvic diaphragm | muscularis mucosae of stomach | myometrium | ocular surface region | ovary | parotid gland | posterior part of tongue | posterior segment of eyeball | prostate gland | retinal neural layer | right cardiac atrium | right ovary | sclera | sigmoid colon | skin of abdomen | skin of body | skin of chest | small intestine | spleen | stomach | stomach smooth muscle | subcutaneous adipose tissue | sublingual gland | submandibular gland | testis | thoracic aorta | thymus | trachea | uterus | utricle of membranous labyrinth | vasculature,normal,e5f58829-1a66-40b5-a624-9046778e74f5,6648d872-8ab3-4b3e-967f-9397f31aa98f,c5d88abe-f23a-45fa-a534-788985e93dad,e62b0182-368f-4875-8ac1-f49e3d5eda60,FALSE,,PUBLIC,Homo sapiens,TRUE,euclidean,TRUE,TRUE,TRUE,https://datasets.cellxgene.cziscience.com/e62b0182-368f-4875-8ac1-f49e3d5eda60.h5ad
Tabula Sapiens,Tabula Sapiens - Stromal,232684,,,,Science,2022,https://cellxgene.cziscience.com/collections/e5f58829-1a66-40b5-a624-9046778e74f5,abdominal aorta | adipose tissue | anterior part of tongue | anterior segment of eyeball | aorta | ascending colon | bladder organ | bone marrow | brown adipose tissue | buccal mucosa | cardiac atrium | cardiac ventricle | chorioretinal region | conjunctiva | cornea | coronary artery | crista ampullaris | duodenum | endocrine pancreas | endometrium | exocrine pancreas | eye | eyelid | heart | heart right ventricle | ileum | inferior vena cava | inguinal lymph node | jejunum | lacrimal gland | large intestine | left coronary artery | left ovary | liver | lung | lymph node | mammary gland | mesenteric lymph node | mucosa of stomach | muscle of abdomen | muscle of pelvic diaphragm | muscularis mucosae of stomach | myometrium | ocular surface region | ovary | parotid gland | posterior part of tongue | posterior segment of eyeball | prostate gland | retinal neural layer | right cardiac atrium | right ovary | sclera | sigmoid colon | skin of abdomen | skin of body | skin of chest | small intestine | spleen | stomach | stomach smooth muscle | subcutaneous adipose tissue | sublingual gland | submandibular gland | testis | thoracic aorta | thymus | tongue | trachea | uterus | utricle of membranous labyrinth | vasculature,normal,e5f58829-1a66-40b5-a624-9046778e74f5,6648d872-8ab3-4b3e-967f-9397f31aa98f,a68b64d8-aee3-4947-81b7-36b8fe5a44d2,28d59407-b230-444f-b363-32d60d1bd895,FALSE,,PUBLIC,Homo sapiens,TRUE,euclidean,TRUE,TRUE,TRUE,https://datasets.cellxgene.cziscience.com/28d59407-b230-444f-b363-32d60d1bd895.h5ad
Tabula Sapiens,Tabula Sapiens - Epithelium,228032,,,,Science,2022,https://cellxgene.cziscience.com/collections/e5f58829-1a66-40b5-a624-9046778e74f5,anterior part of tongue | anterior segment of eyeball | ascending colon | bladder organ | buccal mucosa | cardiac atrium | cardiac ventricle | chorioretinal region | conjunctiva | cornea | cortex of kidney | crista ampullaris | duodenum | endocrine pancreas | endometrium | exocrine pancreas | eye | eyelid | heart | heart right ventricle | ileum | jejunum | kidney | lacrimal gland | large intestine | left ovary | liver | lung | mammary gland | mucosa of stomach | muscle of abdomen | muscle of pelvic diaphragm | myometrium | ocular surface region | ovary | parotid gland | posterior part of tongue | posterior segment of eyeball | prostate gland | right ovary | sclera | sigmoid colon | skin of abdomen | skin of body | skin of chest | small intestine | stomach | stomach smooth muscle | sublingual gland | submandibular gland | testis | thymus | tongue | trachea | uterus | utricle of membranous labyrinth,normal,e5f58829-1a66-40b5-a624-9046778e74f5,6648d872-8ab3-4b3e-967f-9397f31aa98f,97a17473-e2b1-4f31-a544-44a60773e2dd,d785671f-3157-40cf-a035-e9ba0052d3b3,FALSE,,PUBLIC,Homo sapiens,TRUE,euclidean,TRUE,TRUE,TRUE,https://datasets.cellxgene.cziscience.com/d785671f-3157-40cf-a035-e9ba0052d3b3.h5ad
Tabula Sapiens,Tabula Sapiens - Endothelium,73195,,,,Science,2022,https://cellxgene.cziscience.com/collections/e5f58829-1a66-40b5-a624-9046778e74f5,abdominal aorta | adipose tissue | anterior part of tongue | anterior segment of eyeball | aorta | ascending colon | bladder organ | bone marrow | brown adipose tissue | buccal mucosa | cardiac atrium | cardiac ventricle | chorioretinal region | conjunctiva | cornea | coronary artery | crista ampullaris | duodenum | endocrine pancreas | endometrium | exocrine pancreas | eye | eyelid | heart | heart right ventricle | ileum | inferior vena cava | inguinal lymph node | jejunum | kidney | lacrimal gland | large intestine | left coronary artery | left ovary | liver | lung | lymph node | mammary gland | mesenteric lymph node | mucosa of stomach | muscle of abdomen | muscle of pelvic diaphragm | myometrium | ovary | parotid gland | posterior part of tongue | posterior segment of eyeball | prostate gland | right cardiac atrium | right ovary | sclera | sigmoid colon | skin of abdomen | skin of body | skin of chest | small intestine | spleen | stomach | stomach smooth muscle | subcutaneous adipose tissue | sublingual gland | submandibular gland | testis | thoracic aorta | thymus | trachea | uterus | utricle of membranous labyrinth | vasculature,normal,e5f58829-1a66-40b5-a624-9046778e74f5,6648d872-8ab3-4b3e-967f-9397f31aa98f,5a11f879-d1ef-458a-910c-9b0bdfca5ebf,95e4fc1d-c70a-46ea-b459-661c238ddc8e,FALSE,,PUBLIC,Homo sapiens,TRUE,euclidean,TRUE,TRUE,TRUE,https://datasets.cellxgene.cziscience.com/95e4fc1d-c70a-46ea-b459-661c238ddc8e.h5ad
Tabula Sapiens,Tabula Sapiens - All Cells,1136218,,,,Science,2022,https://cellxgene.cziscience.com/collections/e5f58829-1a66-40b5-a624-9046778e74f5,abdominal aorta | adipose tissue | anterior part of tongue | anterior segment of eyeball | aorta | ascending colon | bladder organ | blood | bone marrow | brown adipose tissue | buccal mucosa | cardiac atrium | cardiac ventricle | chorioretinal region | conjunctiva | cornea | coronary artery | cortex of kidney | crista ampullaris | duodenum | endocrine pancreas | endometrium | exocrine pancreas | eye | eyelid | heart | heart right ventricle | ileum | inferior vena cava | inguinal lymph node | jejunum | kidney | lacrimal gland | large intestine | left coronary artery | left ovary | liver | lung | lymph node | mammary gland | mesenteric lymph node | mucosa of stomach | muscle of abdomen | muscle of pelvic diaphragm | muscularis mucosae of stomach | myometrium | ocular surface region | ovary | parotid gland | posterior part of tongue | posterior segment of eyeball | prostate gland | retinal neural layer | right cardiac atrium | right ovary | sclera | sigmoid colon | skin of abdomen | skin of body | skin of chest | small intestine | spleen | stomach | stomach smooth muscle | subcutaneous adipose tissue | sublingual gland | submandibular gland | testis | thoracic aorta | thymus | tongue | trachea | uterus | utricle of membranous labyrinth | vasculature,normal,e5f58829-1a66-40b5-a624-9046778e74f5,6648d872-8ab3-4b3e-967f-9397f31aa98f,53d208b0-2cfd-4366-9866-c3c6114081bc,5a495302-b7cd-4bf9-853e-95627b00bb03,FALSE,,PUBLIC,Homo sapiens,TRUE,euclidean,TRUE,TRUE,TRUE,https://datasets.cellxgene.cziscience.com/5a495302-b7cd-4bf9-853e-95627b00bb03.h5ad
Tabula Sapiens,Tabula Sapiens - Lung,65847,,,,Science,2022,https://cellxgene.cziscience.com/collections/e5f58829-1a66-40b5-a624-9046778e74f5,lung,normal,e5f58829-1a66-40b5-a624-9046778e74f5,6648d872-8ab3-4b3e-967f-9397f31aa98f,0d2ee4ac-05ee-40b2-afb6-ebb584caa867,40f8b1a3-9f76-4ac4-8761-32078555ed4e,FALSE,,PUBLIC,Homo sapiens,TRUE,euclidean,TRUE,TRUE,TRUE,https://datasets.cellxgene.cziscience.com/40f8b1a3-9f76-4ac4-8761-32078555ed4e.h5ad
HTAN/HTAPP Broad - Spatio-molecular dissection of the breast cancer metastatic microenvironment,Fresh samples (single cell),157531,,,Klughammer,Nat Med,2024,https://cellxgene.cziscience.com/collections/a96133de-e951-4e2d-ace6-59db8b3bfb1d,axilla | bone spine | breast | liver | lung | neck,breast cancer,a96133de-e951-4e2d-ace6-59db8b3bfb1d,d4c77eee-e79f-4f99-b42a-985d3a8e2b2a,6c87755e-a671-41a8-9c7e-4e43b850a57b,6ba4ff0b-417f-4ab3-9423-61afc225b287,FALSE,,PUBLIC,Homo sapiens,TRUE,euclidean,TRUE,TRUE,TRUE,https://datasets.cellxgene.cziscience.com/6ba4ff0b-417f-4ab3-9423-61afc225b287.h5ad
Cross-tissue immune cell analysis reveals tissue-specific features in humans,Myeloid compartment,51552,,,Domínguez Conde,Science,2022,https://cellxgene.cziscience.com/collections/62ef75e4-cbea-454e-a0ce-998ec40223d3,blood | bone marrow | caecum | duodenum | ileum | jejunal epithelium | lamina propria | liver | lung | mesenteric lymph node | omentum | sigmoid colon | skeletal muscle tissue | spleen | thoracic lymph node | thymus | transverse colon,normal,62ef75e4-cbea-454e-a0ce-998ec40223d3,7829b193-210b-4a9c-b918-c30ac5a11ef9,fe52003e-1460-4a65-a213-2bb1a508332f,a8624832-9be0-45c1-a882-38d30f57a9ba,FALSE,,PUBLIC,Homo sapiens,TRUE,euclidean,TRUE,TRUE,TRUE,https://datasets.cellxgene.cziscience.com/a8624832-9be0-45c1-a882-38d30f57a9ba.h5ad
Cross-tissue immune cell analysis reveals tissue-specific features in humans,T & innate lymphoid cells,216611,,,Domínguez Conde,Science,2022,https://cellxgene.cziscience.com/collections/62ef75e4-cbea-454e-a0ce-998ec40223d3,blood | bone marrow | caecum | duodenum | ileum | jejunal epithelium | lamina propria | liver | lung | mesenteric lymph node | omentum | sigmoid colon | skeletal muscle tissue | spleen | thoracic lymph node | thymus | transverse colon,normal,62ef75e4-cbea-454e-a0ce-998ec40223d3,7829b193-210b-4a9c-b918-c30ac5a11ef9,ae29ebd0-1973-40a4-a6af-d15a5f77a80f,e40458e9-d3b7-4b50-89ca-7ad1ef04727d,FALSE,,PUBLIC,Homo sapiens,TRUE,euclidean,TRUE,TRUE,TRUE,https://datasets.cellxgene.cziscience.com/e40458e9-d3b7-4b50-89ca-7ad1ef04727d.h5ad
Cross-tissue immune cell analysis reveals tissue-specific features in humans,B cell compartment,54934,,,Domínguez Conde,Science,2022,https://cellxgene.cziscience.com/collections/62ef75e4-cbea-454e-a0ce-998ec40223d3,blood | bone marrow | caecum | duodenum | ileum | jejunal epithelium | lamina propria | liver | lung | mesenteric lymph node | omentum | sigmoid colon | skeletal muscle tissue | spleen | thoracic lymph node | thymus | transverse colon,normal,62ef75e4-cbea-454e-a0ce-998ec40223d3,7829b193-210b-4a9c-b918-c30ac5a11ef9,71be997d-ff75-41b9-8a9f-1288c865f921,22633a36-a437-4cba-9be5-181f24825ea1,FALSE,,PUBLIC,Homo sapiens,TRUE,euclidean,TRUE,TRUE,TRUE,https://datasets.cellxgene.cziscience.com/22633a36-a437-4cba-9be5-181f24825ea1.h5ad
Cross-tissue immune cell analysis reveals tissue-specific features in humans,Global,329762,,,Domínguez Conde,Science,2022,https://cellxgene.cziscience.com/collections/62ef75e4-cbea-454e-a0ce-998ec40223d3,blood | bone marrow | caecum | duodenum | ileum | jejunal epithelium | lamina propria | liver | lung | mesenteric lymph node | omentum | sigmoid colon | skeletal muscle tissue | spleen | thoracic lymph node | thymus | transverse colon,normal,62ef75e4-cbea-454e-a0ce-998ec40223d3,7829b193-210b-4a9c-b918-c30ac5a11ef9,1b9d8702-5af8-4142-85ed-020eb06ec4f6,78819b62-0699-4672-8dc8-d9317b04d255,FALSE,,PUBLIC,Homo sapiens,TRUE,euclidean,TRUE,TRUE,TRUE,https://datasets.cellxgene.cziscience.com/78819b62-0699-4672-8dc8-d9317b04d255.h5ad
A molecular cell atlas of COVID-19 initiation in human lung,All annotated cells from infection 2,134076,,,Wu,Journal of Experimental Medicine,2024,https://cellxgene.cziscience.com/collections/2a9a17c9-1f61-4877-b384-b8cd5ffa4085,upper lobe of left lung,COVID-19,2a9a17c9-1f61-4877-b384-b8cd5ffa4085,234c1d42-1716-4a23-8889-3e511a41a606,7f7faf6b-f11d-4f07-bc1c-188a4472748d,5765a43e-3ce5-4e09-8eed-b4e78ecf4898,FALSE,,PUBLIC,Homo sapiens,TRUE,euclidean,TRUE,TRUE,TRUE,https://datasets.cellxgene.cziscience.com/5765a43e-3ce5-4e09-8eed-b4e78ecf4898.h5ad
A molecular cell atlas of COVID-19 initiation in human lung,All annotated cells from infection 4,76298,,,Wu,Journal of Experimental Medicine,2024,https://cellxgene.cziscience.com/collections/2a9a17c9-1f61-4877-b384-b8cd5ffa4085,upper lobe of left lung,COVID-19,2a9a17c9-1f61-4877-b384-b8cd5ffa4085,234c1d42-1716-4a23-8889-3e511a41a606,7c497c66-c2e2-4291-8b96-339e5e65f314,19f97913-618e-497a-bc95-2ea5a7ef1968,FALSE,,PUBLIC,Homo sapiens,TRUE,euclidean,TRUE,TRUE,TRUE,https://datasets.cellxgene.cziscience.com/19f97913-618e-497a-bc95-2ea5a7ef1968.h5ad
A molecular cell atlas of COVID-19 initiation in human lung,All annotated cells from infection 3,125530,,,Wu,Journal of Experimental Medicine,2024,https://cellxgene.cziscience.com/collections/2a9a17c9-1f61-4877-b384-b8cd5ffa4085,lower lobe of left lung,COVID-19,2a9a17c9-1f61-4877-b384-b8cd5ffa4085,234c1d42-1716-4a23-8889-3e511a41a606,7b55fe5c-d5c8-48e0-a1a3-54c5b9074f3f,94099eda-27eb-4aee-b32b-41d5d92f59ef,FALSE,,PUBLIC,Homo sapiens,TRUE,euclidean,TRUE,TRUE,TRUE,https://datasets.cellxgene.cziscience.com/94099eda-27eb-4aee-b32b-41d5d92f59ef.h5ad
A molecular cell atlas of COVID-19 initiation in human lung,All annotated cells from infection 1,48226,,,Wu,Journal of Experimental Medicine,2024,https://cellxgene.cziscience.com/collections/2a9a17c9-1f61-4877-b384-b8cd5ffa4085,upper lobe of left lung,COVID-19,2a9a17c9-1f61-4877-b384-b8cd5ffa4085,234c1d42-1716-4a23-8889-3e511a41a606,2ac76f1b-43ef-4271-8686-2f165570989f,d88c576a-1927-40ff-9225-e95c63fdb39f,FALSE,,PUBLIC,Homo sapiens,TRUE,euclidean,TRUE,TRUE,TRUE,https://datasets.cellxgene.cziscience.com/d88c576a-1927-40ff-9225-e95c63fdb39f.h5ad
Ischemia Reperfusion Responses in Human Lung Transplants at the Single Cell Resolution,scRNA-seq of lung biopsies from six human lung transplant cases,108613,,,Wong,American Journal of Transplantation,2024,https://cellxgene.cziscience.com/collections/9f29fcd0-7075-4420-bd61-e2ec1aebad89,lingula of left lung | lower lobe of right lung | middle lobe of right lung | upper lobe of left lung | upper lobe of right lung,normal,9f29fcd0-7075-4420-bd61-e2ec1aebad89,cb16be22-0333-4509-a402-bda3ce743f43,429d21fd-bb9a-4abf-922b-c15138524bdd,25913359-253f-40f2-b808-b324bf3db111,FALSE,,PUBLIC,Homo sapiens,TRUE,euclidean,TRUE,TRUE,TRUE,https://datasets.cellxgene.cziscience.com/25913359-253f-40f2-b808-b324bf3db111.h5ad
Single-cell transcriptomics of human T cells reveals tissue and activation signatures in health and disease,Single-cell transcriptomics of human T cells reveals tissue and activation signatures in health and disease,51876,,,Szabo,Nat Commun,2019,https://cellxgene.cziscience.com/collections/24d42e5e-ce6d-45ff-a66b-a3b3b715deaf,bone marrow | bronchopulmonary lymph node | lower lobe of left lung | venous blood,normal,24d42e5e-ce6d-45ff-a66b-a3b3b715deaf,90dd4971-3bd5-48c1-be1d-886649df8c50,01209dce-3575-4bed-b1df-129f57fbc031,b4f8de4e-caf6-403c-a261-4e5298bb4707,FALSE,,PUBLIC,Homo sapiens,TRUE,euclidean,TRUE,TRUE,TRUE,https://datasets.cellxgene.cziscience.com/b4f8de4e-caf6-403c-a261-4e5298bb4707.h5ad
Dissecting novel myeloid-derived cell states through single-cell RNA-Seq and its impact on clinical outcome across tumor types,A multi-tissue single-cell tumor microenvironment atlas,391963,,,Guimarães,Nat Commun,2024,https://cellxgene.cziscience.com/collections/3f7c572c-cd73-4b51-a313-207c7f20f188,blood | breast | colorectum | liver | lung | ovary | skin epidermis | uvea,breast cancer | colorectal cancer | liver cancer | lung cancer | melanoma | normal | ovarian cancer | uveal melanoma,3f7c572c-cd73-4b51-a313-207c7f20f188,5052c16f-4767-4bd3-8ff8-a2c5d754184e,b617ee1b-f8c8-4de9-b82b-e803ab93550d,767856be-7f8d-4644-9fcc-a4ee5510dad3,FALSE,,PUBLIC,Homo sapiens,TRUE,euclidean,TRUE,TRUE,TRUE,https://datasets.cellxgene.cziscience.com/767856be-7f8d-4644-9fcc-a4ee5510dad3.h5ad
Integrated human endoderm-derived organoids cell atlas (HEOCA),human endoderm organoid cell atlas,806646,,,Xu,Nat Genet,2025,https://cellxgene.cziscience.com/collections/6282a908-f162-44a2-99a3-8a942e4271b2,alveolar sac | biliary system | bronchus | colon | common bile duct | corpus | duodenum | gallbladder | ileum | intestine | intrahepatic bile duct | liver | lung | lung epithelium | nasopharynx | pancreas | prostate gland | pyloric antrum | salivary gland epithelium | stomach | thyroid gland,normal,6282a908-f162-44a2-99a3-8a942e4271b2,461d76a2-4383-4a79-8dbd-893d75271dc8,6725ee8e-ef5b-4e68-8901-61bd14a1fe73,c49c8589-0221-4955-b547-270f8d67d13f,FALSE,,PUBLIC,Homo sapiens,TRUE,euclidean,TRUE,TRUE,TRUE,https://datasets.cellxgene.cziscience.com/c49c8589-0221-4955-b547-270f8d67d13f.h5ad
Integrated human endoderm-derived organoids cell atlas (HEOCA),human lung organoid cell atlas,221425,,,Xu,Nat Genet,2025,https://cellxgene.cziscience.com/collections/6282a908-f162-44a2-99a3-8a942e4271b2,alveolar sac | bronchus | lung | lung epithelium | nasopharynx,normal,6282a908-f162-44a2-99a3-8a942e4271b2,461d76a2-4383-4a79-8dbd-893d75271dc8,569bce19-14c3-436f-bebf-543e5ea025dc,9265a814-c798-45ab-a5f1-c574f46a2137,FALSE,,PUBLIC,Homo sapiens,TRUE,euclidean,TRUE,TRUE,TRUE,https://datasets.cellxgene.cziscience.com/9265a814-c798-45ab-a5f1-c574f46a2137.h5ad
COVID-19 immune features revealed by a large-scale single-cell transcriptome atlas,Large-scale single-cell analysis reveals critical immune characteristics of COVID-19 patients,1462702,,,Ren,Cell,2021,https://cellxgene.cziscience.com/collections/0a839c4b-10d0-4d64-9272-684c49a2c8ba,blood | lung | saliva,COVID-19 | normal,0a839c4b-10d0-4d64-9272-684c49a2c8ba,e561387f-a088-4d49-8890-95e43e247a8c,9dbab10c-118d-496b-966a-67f1763a6b7d,891c6eef-a243-41a7-8b47-c8c1a224a193,FALSE,,PUBLIC,Homo sapiens,TRUE,euclidean,TRUE,TRUE,TRUE,https://datasets.cellxgene.cziscience.com/891c6eef-a243-41a7-8b47-c8c1a224a193.h5ad
Anomalous Epithelial Variations and Ectopic Inflammatory Response in Chronic Obstructive Pulmonary Disease,Anomalous Epithelial Variations and Ectopic Inflammatory Response in Chronic Obstructive Pulmonary Disease,57918,,,Watanabe,Am J Respir Cell Mol Biol,2022,https://cellxgene.cziscience.com/collections/dc4cd1f7-667a-4c29-ae77-9401b9700d7f,lung parenchyma,chronic obstructive pulmonary disease | normal,dc4cd1f7-667a-4c29-ae77-9401b9700d7f,00eeff4e-6b0a-421b-93af-88b76fb5e85a,8fbed309-d3d4-441b-b3ff-e2dcbcec2d35,8304cd86-be18-4162-9195-eec356c7b336,FALSE,,PUBLIC,Homo sapiens,TRUE,euclidean,TRUE,TRUE,TRUE,https://datasets.cellxgene.cziscience.com/8304cd86-be18-4162-9195-eec356c7b336.h5ad
Spatially mapping T cell receptors and transcriptomes,"Renal cell carcinoma, post aPD1, lung metastasis Puck_200727_10",15366,,,Liu,Immunity,2022,https://cellxgene.cziscience.com/collections/02b01703-bf1b-48de-b99a-23bef8cccc81,lung,renal cell carcinoma,02b01703-bf1b-48de-b99a-23bef8cccc81,cab475dc-b8bc-48a7-9286-02d55452032b,cc43509e-8729-4cbc-ace9-f0f7d654ee53,609c2e68-00c6-401d-a4de-42c984f29635,FALSE,,PUBLIC,Homo sapiens,TRUE,euclidean,TRUE,TRUE,TRUE,https://datasets.cellxgene.cziscience.com/609c2e68-00c6-401d-a4de-42c984f29635.h5ad
Spatially mapping T cell receptors and transcriptomes,"Renal cell carcinoma, post aPD1, lung metastasis Puck_200727_09",14990,,,Liu,Immunity,2022,https://cellxgene.cziscience.com/collections/02b01703-bf1b-48de-b99a-23bef8cccc81,lung,renal cell carcinoma,02b01703-bf1b-48de-b99a-23bef8cccc81,cab475dc-b8bc-48a7-9286-02d55452032b,9b1437bb-42fe-47d8-8962-835d95581763,fc095b90-63b6-4fb3-bd23-a48e869467f5,FALSE,,PUBLIC,Homo sapiens,TRUE,euclidean,TRUE,TRUE,TRUE,https://datasets.cellxgene.cziscience.com/fc095b90-63b6-4fb3-bd23-a48e869467f5.h5ad
Spatially mapping T cell receptors and transcriptomes,"Renal cell carcinoma, post aPD1, lung metastasis Puck_200727_08",18851,,,Liu,Immunity,2022,https://cellxgene.cziscience.com/collections/02b01703-bf1b-48de-b99a-23bef8cccc81,lung,renal cell carcinoma,02b01703-bf1b-48de-b99a-23bef8cccc81,cab475dc-b8bc-48a7-9286-02d55452032b,6d243918-f3f6-4a9e-b72e-39d96de73095,e407a87b-5fad-4cef-83f8-85ee38e45dc9,FALSE,,PUBLIC,Homo sapiens,TRUE,euclidean,TRUE,TRUE,TRUE,https://datasets.cellxgene.cziscience.com/e407a87b-5fad-4cef-83f8-85ee38e45dc9.h5ad
Spatially mapping T cell receptors and transcriptomes,"Renal cell carcinoma, post aPD1, lung metastasis Puck_220408_14",37568,,,Liu,Immunity,2022,https://cellxgene.cziscience.com/collections/02b01703-bf1b-48de-b99a-23bef8cccc81,lung,renal cell carcinoma,02b01703-bf1b-48de-b99a-23bef8cccc81,cab475dc-b8bc-48a7-9286-02d55452032b,4aefec71-da4e-48ec-a910-c542b5807c7d,6b0ebf50-ae2e-432e-83aa-f09dc1ded6bd,FALSE,,PUBLIC,Homo sapiens,TRUE,euclidean,TRUE,TRUE,TRUE,https://datasets.cellxgene.cziscience.com/6b0ebf50-ae2e-432e-83aa-f09dc1ded6bd.h5ad
Spatially mapping T cell receptors and transcriptomes,"Renal cell carcinoma, post aPD1, lung metastasis Puck_220408_13",40217,,,Liu,Immunity,2022,https://cellxgene.cziscience.com/collections/02b01703-bf1b-48de-b99a-23bef8cccc81,lung,renal cell carcinoma,02b01703-bf1b-48de-b99a-23bef8cccc81,cab475dc-b8bc-48a7-9286-02d55452032b,32ffc3a7-c88d-49e1-894f-8e09d0184ee9,72ea6236-2371-42ae-a1ad-6e6b698170d2,FALSE,,PUBLIC,Homo sapiens,TRUE,euclidean,TRUE,TRUE,TRUE,https://datasets.cellxgene.cziscience.com/72ea6236-2371-42ae-a1ad-6e6b698170d2.h5ad
Spatially mapping T cell receptors and transcriptomes,"Renal cell carcinoma, post aPD1, lung metastasis Puck_220408_20",37563,,,Liu,Immunity,2022,https://cellxgene.cziscience.com/collections/02b01703-bf1b-48de-b99a-23bef8cccc81,lung,renal cell carcinoma,02b01703-bf1b-48de-b99a-23bef8cccc81,cab475dc-b8bc-48a7-9286-02d55452032b,18fd0190-229d-4d2b-8f28-1e40c49c750d,38f7576c-5337-4377-bded-8b5474620df1,FALSE,,PUBLIC,Homo sapiens,TRUE,euclidean,TRUE,TRUE,TRUE,https://datasets.cellxgene.cziscience.com/38f7576c-5337-4377-bded-8b5474620df1.h5ad
Spatially mapping T cell receptors and transcriptomes,"Renal cell carcinoma, post aPD1, lung metastasis Puck_220408_15",35839,,,Liu,Immunity,2022,https://cellxgene.cziscience.com/collections/02b01703-bf1b-48de-b99a-23bef8cccc81,lung,renal cell carcinoma,02b01703-bf1b-48de-b99a-23bef8cccc81,cab475dc-b8bc-48a7-9286-02d55452032b,07efa1c3-7649-43d8-b798-e26a0145ee65,077a3cb7-030a-4fd9-b0d4-7add7c6a0016,FALSE,,PUBLIC,Homo sapiens,TRUE,euclidean,TRUE,TRUE,TRUE,https://datasets.cellxgene.cziscience.com/077a3cb7-030a-4fd9-b0d4-7add7c6a0016.h5ad
Single-nucleus cross-tissue molecular reference maps to decipher disease gene function,Single-nucleus cross-tissue molecular reference maps to decipher disease gene function,209126,,,Eraslan,Science,2022,https://cellxgene.cziscience.com/collections/a3ffde6c-7ad2-498a-903c-d58e732f7470,anterior wall of left ventricle | breast | esophagus muscularis mucosa | gastrocnemius | lingula of left lung | mucosa | prostate gland | skin of leg,normal,a3ffde6c-7ad2-498a-903c-d58e732f7470,45345946-51aa-4222-a8c9-655e23814a13,4ed927e9-c099-49af-b8ce-a2652d069333,002308e1-0121-4aa1-b8f2-9d034cf44b0f,FALSE,,PUBLIC,Homo sapiens,TRUE,euclidean,TRUE,TRUE,TRUE,https://datasets.cellxgene.cziscience.com/002308e1-0121-4aa1-b8f2-9d034cf44b0f.h5ad
"scRNA-seq assessment of the human lung, spleen, and esophagus tissue stability after cold preservation",Lung Parenchyma,57019,,,Madissoon,Genome Biol,2020,https://cellxgene.cziscience.com/collections/4d74781b-8186-4c9a-b659-ff4dc4601d91,lung parenchyma,normal,4d74781b-8186-4c9a-b659-ff4dc4601d91,b29f4f8d-6564-453d-bd9c-43633b400eb1,2672b679-8048-4f5e-9786-f1b196ccfd08,5f462e5e-0e6e-45ff-84e5-d18fea2ee7d6,FALSE,,PUBLIC,Homo sapiens,TRUE,euclidean,TRUE,TRUE,TRUE,https://datasets.cellxgene.cziscience.com/5f462e5e-0e6e-45ff-84e5-d18fea2ee7d6.h5ad
Single cell transcriptomic profiling identifies molecular phenotypes of newborn human lung cells,Single cell transcriptomic profiling identifies molecular phenotypes of newborn human lung cells,5499,,,Bhattacharya,Genes,2024,https://cellxgene.cziscience.com/collections/28e9d721-6816-48a2-8d0b-43bf0b0c0ebc,lung,anencephaly,28e9d721-6816-48a2-8d0b-43bf0b0c0ebc,05cb804a-29c0-462e-91bd-b39047e90a96,6e00ccf7-0749-46ef-a999-dba785630d52,5c27e357-4786-46d4-9635-cb7b37cce452,FALSE,,PUBLIC,Homo sapiens,TRUE,euclidean,TRUE,TRUE,TRUE,https://datasets.cellxgene.cziscience.com/5c27e357-4786-46d4-9635-cb7b37cce452.h5ad
Construction of a human cell landscape at single-cell level,Construction of a human cell landscape at single-cell level,599926,,,Han,Nature,2020,https://cellxgene.cziscience.com/collections/38833785-fac5-48fd-944a-0f62a4c23ed1,adipose tissue | adrenal gland | artery | ascending colon | bladder organ | blood | bone marrow | brain | cerebellum | chorionic villus | duodenum | embryonic stem cell | esophagus | eye | fallopian tube | gallbladder | heart | ileum | intestine | jejunum | kidney | liver | lung | muscle organ | omentum | ovary | pancreas | placenta | pleura | prostate gland | rectum | rib | sigmoid colon | skin of body | spinal cord | spleen | stomach | temporal lobe | testis | thymus | thyroid gland | trachea | transverse colon | umbilical cord blood | ureter | uterine cervix | uterus | vault of skull | vermiform appendix,normal,38833785-fac5-48fd-944a-0f62a4c23ed1,3386feb4-0595-4223-948d-44a57a78c7d4,2adb1f8a-a6b1-4909-8ee8-484814e2d4bf,74c3403a-451c-4a62-84e0-d8a8e45c7ea7,FALSE,,PUBLIC,Homo sapiens,TRUE,euclidean,TRUE,TRUE,TRUE,https://datasets.cellxgene.cziscience.com/74c3403a-451c-4a62-84e0-d8a8e45c7ea7.h5ad
HTAN MSK - Transcriptional connectivity of regulatory T cells in the tumor microenvironment informs novel combination cancer therapy strategies,Transcriptional connectivity of regulatory T cells in the tumor microenvironment informs novel combination cancer therapy strategies,82991,,,Glasner,Nat Immunol,2023,https://cellxgene.cziscience.com/collections/efd94500-1fdc-4e28-9e9f-a309d0154e21,left lung | lower lobe of left lung | lower lobe of right lung | middle lobe of right lung | right lung | upper lobe of left lung | upper lobe of right lung,lung adenocarcinoma,efd94500-1fdc-4e28-9e9f-a309d0154e21,d91b4570-6e47-4349-9584-7849107d4199,d41f45c1-1b7b-4573-a998-ac5c5acb1647,a017e101-26d0-4824-9fa1-86a25e19b00a,FALSE,,PUBLIC,Homo sapiens,TRUE,euclidean,TRUE,TRUE,TRUE,https://datasets.cellxgene.cziscience.com/a017e101-26d0-4824-9fa1-86a25e19b00a.h5ad
A novel human fetal lung-derived alveolar organoid model reveals mechanisms of surfactant protein C maturation relevant to interstitial lung disease,organoid,9619,,,Lim,EMBO J,2025,https://cellxgene.cziscience.com/collections/92db8a7e-8761-4317-873f-15606c016ce5,lung,normal,92db8a7e-8761-4317-873f-15606c016ce5,f8c59305-e504-4b31-ab50-f3788e3c89c1,781cc817-3fd0-487c-a55a-b47b2786a05d,26b855fd-b7a1-4f99-8767-4761f9c4b60e,FALSE,,PUBLIC,Homo sapiens,TRUE,euclidean,TRUE,TRUE,TRUE,https://datasets.cellxgene.cziscience.com/26b855fd-b7a1-4f99-8767-4761f9c4b60e.h5ad
Early human lung immune cell development and its role in epithelial cell fate,Leukocytes of the fetal lung,77559,,,Barnes,Sci. Immunol.,2023,https://cellxgene.cziscience.com/collections/ec329aed-22bc-4d6e-8935-8282dcb1acac,lung,normal,ec329aed-22bc-4d6e-8935-8282dcb1acac,983f9916-a318-45ff-95df-8575dd3202e9,fcadb222-82e2-43eb-a3ab-6af0a22051fe,514c522f-812b-4fbf-a9ba-275df817b52f,FALSE,,PUBLIC,Homo sapiens,TRUE,euclidean,TRUE,TRUE,TRUE,https://datasets.cellxgene.cziscience.com/514c522f-812b-4fbf-a9ba-275df817b52f.h5ad
Early human lung immune cell development and its role in epithelial cell fate,organoid,8556,,,Barnes,Sci. Immunol.,2023,https://cellxgene.cziscience.com/collections/ec329aed-22bc-4d6e-8935-8282dcb1acac,lung,normal,ec329aed-22bc-4d6e-8935-8282dcb1acac,983f9916-a318-45ff-95df-8575dd3202e9,8dc858b0-b076-4326-94bb-7c2d1cd721a3,3a09b479-2bf8-4bfc-a60f-feedaa36b2e9,FALSE,,PUBLIC,Homo sapiens,TRUE,euclidean,TRUE,TRUE,TRUE,https://datasets.cellxgene.cziscience.com/3a09b479-2bf8-4bfc-a60f-feedaa36b2e9.h5ad
Early human lung immune cell development and its role in epithelial cell fate,Fetal lung + Pan-fetal immune,670749,,,Barnes,Sci. Immunol.,2023,https://cellxgene.cziscience.com/collections/ec329aed-22bc-4d6e-8935-8282dcb1acac,lung,normal,ec329aed-22bc-4d6e-8935-8282dcb1acac,983f9916-a318-45ff-95df-8575dd3202e9,350237e0-9f48-4cbd-9140-3b44495549f3,af1ab408-209e-49bb-917e-6717320f81ae,FALSE,,PUBLIC,Homo sapiens,TRUE,euclidean,TRUE,TRUE,TRUE,https://datasets.cellxgene.cziscience.com/af1ab408-209e-49bb-917e-6717320f81ae.h5ad
A molecular cell atlas of the human lung from single cell RNA sequencing,"Krasnow Lab Human Lung Cell Atlas, Smart-seq2",9409,,,Travaglini,Nature,2020,https://cellxgene.cziscience.com/collections/5d445965-6f1a-4b68-ba3a-b8f765155d3a,blood | lung,normal,5d445965-6f1a-4b68-ba3a-b8f765155d3a,6a59a0fb-4d8a-4fb1-a60d-d14a98b04cf7,e04daea4-4412-45b5-989e-76a9be070a89,c88e0403-da93-40f4-99b5-f5fdeb81a82c,FALSE,,PUBLIC,Homo sapiens,TRUE,euclidean,TRUE,TRUE,TRUE,https://datasets.cellxgene.cziscience.com/c88e0403-da93-40f4-99b5-f5fdeb81a82c.h5ad
A molecular cell atlas of the human lung from single cell RNA sequencing,"Krasnow Lab Human Lung Cell Atlas, 10X",65662,,,Travaglini,Nature,2020,https://cellxgene.cziscience.com/collections/5d445965-6f1a-4b68-ba3a-b8f765155d3a,blood | lung,normal,5d445965-6f1a-4b68-ba3a-b8f765155d3a,6a59a0fb-4d8a-4fb1-a60d-d14a98b04cf7,8c42cfd0-0b0a-46d5-910c-fc833d83c45e,fb57b6c0-a71f-4d57-bd15-d5a6fe04a4fd,FALSE,,PUBLIC,Homo sapiens,TRUE,euclidean,TRUE,TRUE,TRUE,https://datasets.cellxgene.cziscience.com/fb57b6c0-a71f-4d57-bd15-d5a6fe04a4fd.h5ad
Organoid modeling of human fetal lung alveolar development reveals mechanisms of cell fate patterning and neonatal respiratory disease,Late tip organoid,20475,,,Lim,Cell Stem Cell,2023,https://cellxgene.cziscience.com/collections/2d42fb2f-e635-466e-a2f4-9ea34f2e0feb,lung epithelium,normal,2d42fb2f-e635-466e-a2f4-9ea34f2e0feb,e86b0325-b8b7-4a65-8b3e-90f540a8307c,43a1506b-aa9e-46a3-b288-d210f4595ddf,6e752091-e998-43bc-a9c0-729d79698cb6,FALSE,,PUBLIC,Homo sapiens,TRUE,euclidean,TRUE,TRUE,TRUE,https://datasets.cellxgene.cziscience.com/6e752091-e998-43bc-a9c0-729d79698cb6.h5ad
A molecular single-cell lung atlas of lethal COVID-19,A molecular single-cell lung atlas of lethal COVID-19,116313,,,Melms,Nature,2021,https://cellxgene.cziscience.com/collections/e4c9ed14-e560-4900-a3bf-b0f8d2ce6a10,lung,COVID-19 | normal,e4c9ed14-e560-4900-a3bf-b0f8d2ce6a10,ee31ed7f-f28c-435d-b51e-9ca4482d61c8,d8da613f-e681-4c69-b463-e94f5e66847f,75c059c8-8fb7-4e6e-a618-a3e01ac42060,FALSE,,PUBLIC,Homo sapiens,TRUE,euclidean,TRUE,TRUE,TRUE,https://datasets.cellxgene.cziscience.com/75c059c8-8fb7-4e6e-a618-a3e01ac42060.h5ad
A human cell atlas of fetal gene expression,Survey of human embryonic development (1 million cells subset),1001288,,,Cao,Science,2020,https://cellxgene.cziscience.com/collections/c114c20f-1ef4-49a5-9c2e-d965787fb90c,adrenal gland | cerebellum | eye | heart | intestine | kidney | liver | lung | muscle organ | pancreas | placenta | spleen | stomach | telencephalon | thymus,normal | trisomy 18,c114c20f-1ef4-49a5-9c2e-d965787fb90c,298a3dbb-995e-440c-b66f-5cb8dbd6c034,fa27492b-82ff-4ab7-ac61-0e2b184eee67,c3bf819d-423d-435f-b8d0-e36ad6088138,FALSE,,PUBLIC,Homo sapiens,TRUE,euclidean,TRUE,TRUE,TRUE,https://datasets.cellxgene.cziscience.com/c3bf819d-423d-435f-b8d0-e36ad6088138.h5ad
A human cell atlas of fetal gene expression,Survey of human embryonic development,4062980,,,Cao,Science,2020,https://cellxgene.cziscience.com/collections/c114c20f-1ef4-49a5-9c2e-d965787fb90c,adrenal gland | cerebellum | eye | heart | intestine | kidney | liver | lung | muscle organ | pancreas | placenta | spleen | stomach | telencephalon | thymus,normal | trisomy 18,c114c20f-1ef4-49a5-9c2e-d965787fb90c,298a3dbb-995e-440c-b66f-5cb8dbd6c034,f7c1c579-2dc0-47e2-ba19-8165c5a0e353,dd2564a6-27a0-433a-893c-72475e4a39fe,FALSE,,PUBLIC,Homo sapiens,TRUE,euclidean,TRUE,TRUE,TRUE,https://datasets.cellxgene.cziscience.com/dd2564a6-27a0-433a-893c-72475e4a39fe.h5ad
A spatially resolved atlas of the human lung characterizes a gland-associated immune niche,B cells,3699,,,Madissoon,Nat Genet,2023,https://cellxgene.cziscience.com/collections/c1241244-b22d-483d-875b-75699efb9f3c,bronchus | lower lobe of left lung | lung | trachea | upper lobe of left lung,normal,c1241244-b22d-483d-875b-75699efb9f3c,f6f2dec8-f2ef-4439-b002-cc35d2d5ecac,f6dafdd1-d746-407e-8019-4470e02d4cbd,cf935445-3940-4ef2-96ca-bf32e35fc318,FALSE,,PUBLIC,Homo sapiens,TRUE,euclidean,TRUE,TRUE,TRUE,https://datasets.cellxgene.cziscience.com/cf935445-3940-4ef2-96ca-bf32e35fc318.h5ad
A spatially resolved atlas of the human lung characterizes a gland-associated immune niche,Fibroblasts,20515,,,Madissoon,Nat Genet,2023,https://cellxgene.cziscience.com/collections/c1241244-b22d-483d-875b-75699efb9f3c,bronchus | lower lobe of left lung | lung | trachea | upper lobe of left lung,normal,c1241244-b22d-483d-875b-75699efb9f3c,f6f2dec8-f2ef-4439-b002-cc35d2d5ecac,e871881f-b42d-4500-906d-0972a14ba47d,e7a52d2f-2726-463f-a298-76e661e80b24,FALSE,,PUBLIC,Homo sapiens,TRUE,euclidean,TRUE,TRUE,TRUE,https://datasets.cellxgene.cziscience.com/e7a52d2f-2726-463f-a298-76e661e80b24.h5ad
A spatially resolved atlas of the human lung characterizes a gland-associated immune niche,Smooth muscle cells,5156,,,Madissoon,Nat Genet,2023,https://cellxgene.cziscience.com/collections/c1241244-b22d-483d-875b-75699efb9f3c,bronchus | lower lobe of left lung | lung | trachea | upper lobe of left lung,normal,c1241244-b22d-483d-875b-75699efb9f3c,f6f2dec8-f2ef-4439-b002-cc35d2d5ecac,e22c2ab4-c025-4804-b7a3-0b0ebd48c87a,d728742c-7392-4a97-a42f-eeeb9f3917f7,FALSE,,PUBLIC,Homo sapiens,TRUE,euclidean,TRUE,TRUE,TRUE,https://datasets.cellxgene.cziscience.com/d728742c-7392-4a97-a42f-eeeb9f3917f7.h5ad
A spatially resolved atlas of the human lung characterizes a gland-associated immune niche,Lymphoid cells,37502,,,Madissoon,Nat Genet,2023,https://cellxgene.cziscience.com/collections/c1241244-b22d-483d-875b-75699efb9f3c,bronchus | lower lobe of left lung | lung | trachea | upper lobe of left lung,normal,c1241244-b22d-483d-875b-75699efb9f3c,f6f2dec8-f2ef-4439-b002-cc35d2d5ecac,b3d060c6-bbd7-4db0-9ef7-9df42475875a,d181dce8-5a58-42f5-9de3-8eb3c726b44a,FALSE,,PUBLIC,Homo sapiens,TRUE,euclidean,TRUE,TRUE,TRUE,https://datasets.cellxgene.cziscience.com/d181dce8-5a58-42f5-9de3-8eb3c726b44a.h5ad
A spatially resolved atlas of the human lung characterizes a gland-associated immune niche,WSA_LngSP10193345,4992,,,Madissoon,Nat Genet,2023,https://cellxgene.cziscience.com/collections/c1241244-b22d-483d-875b-75699efb9f3c,lung parenchyma,normal,c1241244-b22d-483d-875b-75699efb9f3c,f6f2dec8-f2ef-4439-b002-cc35d2d5ecac,b2c9f2c0-3c3c-4f2c-816d-3e5a10f573bd,a13eb499-f3ae-4c9b-b9ce-89fbddd17d53,FALSE,,PUBLIC,Homo sapiens,TRUE,euclidean,TRUE,TRUE,TRUE,https://datasets.cellxgene.cziscience.com/a13eb499-f3ae-4c9b-b9ce-89fbddd17d53.h5ad
A spatially resolved atlas of the human lung characterizes a gland-associated immune niche,WSA_LngSP10193347,4992,,,Madissoon,Nat Genet,2023,https://cellxgene.cziscience.com/collections/c1241244-b22d-483d-875b-75699efb9f3c,lung parenchyma,normal,c1241244-b22d-483d-875b-75699efb9f3c,f6f2dec8-f2ef-4439-b002-cc35d2d5ecac,708a7f62-260b-43f4-837a-d329c29f830b,5a7674fe-d5f7-47fe-aff5-046423b8ae61,FALSE,,PUBLIC,Homo sapiens,TRUE,euclidean,TRUE,TRUE,TRUE,https://datasets.cellxgene.cziscience.com/5a7674fe-d5f7-47fe-aff5-046423b8ae61.h5ad
A spatially resolved atlas of the human lung characterizes a gland-associated immune niche,Vascular endothelial cells,20855,,,Madissoon,Nat Genet,2023,https://cellxgene.cziscience.com/collections/c1241244-b22d-483d-875b-75699efb9f3c,bronchus | lower lobe of left lung | lung | trachea | upper lobe of left lung,normal,c1241244-b22d-483d-875b-75699efb9f3c,f6f2dec8-f2ef-4439-b002-cc35d2d5ecac,4ebcbeeb-2208-4d30-acb2-8142a5201814,449b3486-c0d9-4a0b-9fd1-0510512b6fec,FALSE,,PUBLIC,Homo sapiens,TRUE,euclidean,TRUE,TRUE,TRUE,https://datasets.cellxgene.cziscience.com/449b3486-c0d9-4a0b-9fd1-0510512b6fec.h5ad
A spatially resolved atlas of the human lung characterizes a gland-associated immune niche,WSA_LngSP10193346,4992,,,Madissoon,Nat Genet,2023,https://cellxgene.cziscience.com/collections/c1241244-b22d-483d-875b-75699efb9f3c,lung parenchyma,normal,c1241244-b22d-483d-875b-75699efb9f3c,f6f2dec8-f2ef-4439-b002-cc35d2d5ecac,39202b1d-6447-41e0-b409-84e7e9e551f1,130f3d37-e3e0-45d3-b6ee-2985e018270f,FALSE,,PUBLIC,Homo sapiens,TRUE,euclidean,TRUE,TRUE,TRUE,https://datasets.cellxgene.cziscience.com/130f3d37-e3e0-45d3-b6ee-2985e018270f.h5ad
A spatially resolved atlas of the human lung characterizes a gland-associated immune niche,Myeloid cells,40634,,,Madissoon,Nat Genet,2023,https://cellxgene.cziscience.com/collections/c1241244-b22d-483d-875b-75699efb9f3c,bronchus | lower lobe of left lung | lung | trachea | upper lobe of left lung,normal,c1241244-b22d-483d-875b-75699efb9f3c,f6f2dec8-f2ef-4439-b002-cc35d2d5ecac,2d85960a-2ba8-4f54-9aec-537fae839f5d,3b760ea8-7b4c-418e-96d1-722ec67b7878,FALSE,,PUBLIC,Homo sapiens,TRUE,euclidean,TRUE,TRUE,TRUE,https://datasets.cellxgene.cziscience.com/3b760ea8-7b4c-418e-96d1-722ec67b7878.h5ad
A spatially resolved atlas of the human lung characterizes a gland-associated immune niche,Airway epithelial cells,29505,,,Madissoon,Nat Genet,2023,https://cellxgene.cziscience.com/collections/c1241244-b22d-483d-875b-75699efb9f3c,bronchus | lower lobe of left lung | lung | trachea | upper lobe of left lung,normal,c1241244-b22d-483d-875b-75699efb9f3c,f6f2dec8-f2ef-4439-b002-cc35d2d5ecac,0e9d47fb-89b1-42d8-b426-2c7630b5f5fa,315e2c38-a9f0-43bc-8d6c-470f520b948d,FALSE,,PUBLIC,Homo sapiens,TRUE,euclidean,TRUE,TRUE,TRUE,https://datasets.cellxgene.cziscience.com/315e2c38-a9f0-43bc-8d6c-470f520b948d.h5ad
A spatially resolved atlas of the human lung characterizes a gland-associated immune niche,All cells and nuclei,193108,,,Madissoon,Nat Genet,2023,https://cellxgene.cziscience.com/collections/c1241244-b22d-483d-875b-75699efb9f3c,bronchus | lower lobe of left lung | lung | trachea | upper lobe of left lung,normal,c1241244-b22d-483d-875b-75699efb9f3c,f6f2dec8-f2ef-4439-b002-cc35d2d5ecac,093d3bfe-6f0f-4ac0-a7a1-829f94d0a49f,769fff4f-099a-46e1-917b-06ce1fee858a,FALSE,,PUBLIC,Homo sapiens,TRUE,euclidean,TRUE,TRUE,TRUE,https://datasets.cellxgene.cziscience.com/769fff4f-099a-46e1-917b-06ce1fee858a.h5ad
Progressive plasticity during colorectal cancer metastasis,progressive_plasticity_during_crc_metastasis_epithelial,47107,,,Moorman,Nature,2025,https://cellxgene.cziscience.com/collections/1cbfb478-2c7f-4d15-b522-9f74e9fe52a8,caecum | chest wall | descending colon | hepatic flexure of colon | liver | lung | peritoneum | rectum | sigmoid colon | transverse colon,colorectal cancer | normal,1cbfb478-2c7f-4d15-b522-9f74e9fe52a8,7615035b-a538-45be-af89-bff91af2bf39,829a3cd1-a466-49f1-b2e9-d3f6b7f392e2,66cadf3b-4c71-4930-8add-fa748745704d,FALSE,,PUBLIC,Homo sapiens,TRUE,euclidean,TRUE,TRUE,TRUE,https://datasets.cellxgene.cziscience.com/66cadf3b-4c71-4930-8add-fa748745704d.h5ad
Progressive plasticity during colorectal cancer metastasis,progressive_plasticity_during_crc_metastasis_kg146_tumor,3351,,,Moorman,Nature,2025,https://cellxgene.cziscience.com/collections/1cbfb478-2c7f-4d15-b522-9f74e9fe52a8,liver | lung | rectum,colorectal cancer,1cbfb478-2c7f-4d15-b522-9f74e9fe52a8,7615035b-a538-45be-af89-bff91af2bf39,2e95d453-930b-4425-9475-ccaf8cf2ac40,3d57d7b5-de1c-4a49-8aab-84c7fb26eace,FALSE,,PUBLIC,Homo sapiens,TRUE,euclidean,TRUE,TRUE,TRUE,https://datasets.cellxgene.cziscience.com/3d57d7b5-de1c-4a49-8aab-84c7fb26eace.h5ad
Progressive plasticity during colorectal cancer metastasis,progressive_plasticity_during_crc_metastasis_tumor,26086,,,Moorman,Nature,2025,https://cellxgene.cziscience.com/collections/1cbfb478-2c7f-4d15-b522-9f74e9fe52a8,caecum | chest wall | descending colon | hepatic flexure of colon | liver | lung | peritoneum | rectum | sigmoid colon | transverse colon,colorectal cancer,1cbfb478-2c7f-4d15-b522-9f74e9fe52a8,7615035b-a538-45be-af89-bff91af2bf39,2554a654-237c-485e-b0d2-a58b46cf2d9a,62ebf73a-704b-432f-8c39-f05072209c27,FALSE,,PUBLIC,Homo sapiens,TRUE,euclidean,TRUE,TRUE,TRUE,https://datasets.cellxgene.cziscience.com/62ebf73a-704b-432f-8c39-f05072209c27.h5ad
A human fetal lung cell atlas uncovers proximal-distal gradients of differentiation and key regulators of epithelial fates,Fibroblast and smooth muscle,39204,,,He,Cell,2022,https://cellxgene.cziscience.com/collections/2d2e2acd-dade-489f-a2da-6c11aa654028,lung,normal,2d2e2acd-dade-489f-a2da-6c11aa654028,04857e00-5d9b-4476-b783-2b895f799609,f9846bb4-784d-4582-92c1-3f279e4c6f0c,7f425235-dde9-426b-be56-a4231a0a6581,FALSE,,PUBLIC,Homo sapiens,TRUE,euclidean,TRUE,TRUE,TRUE,https://datasets.cellxgene.cziscience.com/7f425235-dde9-426b-be56-a4231a0a6581.h5ad
A human fetal lung cell atlas uncovers proximal-distal gradients of differentiation and key regulators of epithelial fates,Epithelium (no cilium),9096,,,He,Cell,2022,https://cellxgene.cziscience.com/collections/2d2e2acd-dade-489f-a2da-6c11aa654028,lung,normal,2d2e2acd-dade-489f-a2da-6c11aa654028,04857e00-5d9b-4476-b783-2b895f799609,e8a11a27-9c47-4673-b65d-11b9cd6065e1,6f62b874-6776-4834-b674-1cc9e80fc1da,FALSE,,PUBLIC,Homo sapiens,TRUE,euclidean,TRUE,TRUE,TRUE,https://datasets.cellxgene.cziscience.com/6f62b874-6776-4834-b674-1cc9e80fc1da.h5ad
A human fetal lung cell atlas uncovers proximal-distal gradients of differentiation and key regulators of epithelial fates,pcw12_6332STDY9479166,4992,,,He,Cell,2022,https://cellxgene.cziscience.com/collections/2d2e2acd-dade-489f-a2da-6c11aa654028,lung,normal,2d2e2acd-dade-489f-a2da-6c11aa654028,04857e00-5d9b-4476-b783-2b895f799609,e887bd14-bb23-48ed-9616-aa3f9b11c446,08115e1b-3315-4ea9-b72f-f152f7a102ab,FALSE,,PUBLIC,Homo sapiens,TRUE,euclidean,TRUE,TRUE,TRUE,https://datasets.cellxgene.cziscience.com/08115e1b-3315-4ea9-b72f-f152f7a102ab.h5ad
A human fetal lung cell atlas uncovers proximal-distal gradients of differentiation and key regulators of epithelial fates,pcw16_6332STDY9479168,4992,,,He,Cell,2022,https://cellxgene.cziscience.com/collections/2d2e2acd-dade-489f-a2da-6c11aa654028,lung,normal,2d2e2acd-dade-489f-a2da-6c11aa654028,04857e00-5d9b-4476-b783-2b895f799609,e69d2744-9033-4afd-80c0-d395be398ec2,e4f567ee-a852-4b32-a387-a66b426d9f8d,FALSE,,PUBLIC,Homo sapiens,TRUE,euclidean,TRUE,TRUE,TRUE,https://datasets.cellxgene.cziscience.com/e4f567ee-a852-4b32-a387-a66b426d9f8d.h5ad
A human fetal lung cell atlas uncovers proximal-distal gradients of differentiation and key regulators of epithelial fates,pcw16_6332STDY9479172,4992,,,He,Cell,2022,https://cellxgene.cziscience.com/collections/2d2e2acd-dade-489f-a2da-6c11aa654028,lung,normal,2d2e2acd-dade-489f-a2da-6c11aa654028,04857e00-5d9b-4476-b783-2b895f799609,dc522d04-8e07-4e07-91a4-dd6da72ad25c,19cf506a-40f0-4b00-90e5-5e3586f7241f,FALSE,,PUBLIC,Homo sapiens,TRUE,euclidean,TRUE,TRUE,TRUE,https://datasets.cellxgene.cziscience.com/19cf506a-40f0-4b00-90e5-5e3586f7241f.h5ad
A human fetal lung cell atlas uncovers proximal-distal gradients of differentiation and key regulators of epithelial fates,Cilium,1641,,,He,Cell,2022,https://cellxgene.cziscience.com/collections/2d2e2acd-dade-489f-a2da-6c11aa654028,lung,normal,2d2e2acd-dade-489f-a2da-6c11aa654028,04857e00-5d9b-4476-b783-2b895f799609,cdefb878-7f00-4b9d-9eda-b3652cfac0c8,8f475df0-9104-46e0-8b30-7dcd0e7758e0,FALSE,,PUBLIC,Homo sapiens,TRUE,euclidean,TRUE,TRUE,TRUE,https://datasets.cellxgene.cziscience.com/8f475df0-9104-46e0-8b30-7dcd0e7758e0.h5ad
A human fetal lung cell atlas uncovers proximal-distal gradients of differentiation and key regulators of epithelial fates,pcw19_6332STDY10289523,4992,,,He,Cell,2022,https://cellxgene.cziscience.com/collections/2d2e2acd-dade-489f-a2da-6c11aa654028,lung,normal,2d2e2acd-dade-489f-a2da-6c11aa654028,04857e00-5d9b-4476-b783-2b895f799609,c932254f-f3b2-4b70-9b79-9557b6a3bbd7,cbdbdc83-626d-44ba-8a57-5e8630fb6d84,FALSE,,PUBLIC,Homo sapiens,TRUE,euclidean,TRUE,TRUE,TRUE,https://datasets.cellxgene.cziscience.com/cbdbdc83-626d-44ba-8a57-5e8630fb6d84.h5ad
A human fetal lung cell atlas uncovers proximal-distal gradients of differentiation and key regulators of epithelial fates,pcw14_6332STDY9479167,4992,,,He,Cell,2022,https://cellxgene.cziscience.com/collections/2d2e2acd-dade-489f-a2da-6c11aa654028,lung,normal,2d2e2acd-dade-489f-a2da-6c11aa654028,04857e00-5d9b-4476-b783-2b895f799609,ae4817c0-7951-443d-b3b9-45b6b88986bd,9c15142d-5354-45c4-b669-4d556de197bf,FALSE,,PUBLIC,Homo sapiens,TRUE,euclidean,TRUE,TRUE,TRUE,https://datasets.cellxgene.cziscience.com/9c15142d-5354-45c4-b669-4d556de197bf.h5ad
A human fetal lung cell atlas uncovers proximal-distal gradients of differentiation and key regulators of epithelial fates,pcw17_6332STDY9479173,4992,,,He,Cell,2022,https://cellxgene.cziscience.com/collections/2d2e2acd-dade-489f-a2da-6c11aa654028,lung,normal,2d2e2acd-dade-489f-a2da-6c11aa654028,04857e00-5d9b-4476-b783-2b895f799609,a6529751-6e49-4e86-93d3-ec03fcd551dc,ffc60383-17e8-4d42-a142-d7f2d6fe2261,FALSE,,PUBLIC,Homo sapiens,TRUE,euclidean,TRUE,TRUE,TRUE,https://datasets.cellxgene.cziscience.com/ffc60383-17e8-4d42-a142-d7f2d6fe2261.h5ad
A human fetal lung cell atlas uncovers proximal-distal gradients of differentiation and key regulators of epithelial fates,Endothelium,5467,,,He,Cell,2022,https://cellxgene.cziscience.com/collections/2d2e2acd-dade-489f-a2da-6c11aa654028,lung,normal,2d2e2acd-dade-489f-a2da-6c11aa654028,04857e00-5d9b-4476-b783-2b895f799609,810ac45f-8969-4698-b42c-652f802f75c2,a013b199-f162-4f78-9a45-f616678c3623,FALSE,,PUBLIC,Homo sapiens,TRUE,euclidean,TRUE,TRUE,TRUE,https://datasets.cellxgene.cziscience.com/a013b199-f162-4f78-9a45-f616678c3623.h5ad
A human fetal lung cell atlas uncovers proximal-distal gradients of differentiation and key regulators of epithelial fates,B cells,4138,,,He,Cell,2022,https://cellxgene.cziscience.com/collections/2d2e2acd-dade-489f-a2da-6c11aa654028,lung,normal,2d2e2acd-dade-489f-a2da-6c11aa654028,04857e00-5d9b-4476-b783-2b895f799609,7b3368a5-c1a0-4973-9e75-d95b4150c7da,6d867c32-1f82-4c88-99a5-b9dbdf51689a,FALSE,,PUBLIC,Homo sapiens,TRUE,euclidean,TRUE,TRUE,TRUE,https://datasets.cellxgene.cziscience.com/6d867c32-1f82-4c88-99a5-b9dbdf51689a.h5ad
A human fetal lung cell atlas uncovers proximal-distal gradients of differentiation and key regulators of epithelial fates,PNS,649,,,He,Cell,2022,https://cellxgene.cziscience.com/collections/2d2e2acd-dade-489f-a2da-6c11aa654028,lung,normal,2d2e2acd-dade-489f-a2da-6c11aa654028,04857e00-5d9b-4476-b783-2b895f799609,703f00e6-b996-48e5-bc34-00c41b9876f4,4e4be92c-985c-43c1-a24c-c6b2c0dca70a,FALSE,,PUBLIC,Homo sapiens,TRUE,euclidean,TRUE,TRUE,TRUE,https://datasets.cellxgene.cziscience.com/4e4be92c-985c-43c1-a24c-c6b2c0dca70a.h5ad
A human fetal lung cell atlas uncovers proximal-distal gradients of differentiation and key regulators of epithelial fates,"T, NK and ILC",4778,,,He,Cell,2022,https://cellxgene.cziscience.com/collections/2d2e2acd-dade-489f-a2da-6c11aa654028,lung,normal,2d2e2acd-dade-489f-a2da-6c11aa654028,04857e00-5d9b-4476-b783-2b895f799609,62315937-e268-4fa5-a032-8f7d776f3a3f,092bbcfc-7ede-4b54-8676-334bc73bb350,FALSE,,PUBLIC,Homo sapiens,TRUE,euclidean,TRUE,TRUE,TRUE,https://datasets.cellxgene.cziscience.com/092bbcfc-7ede-4b54-8676-334bc73bb350.h5ad
A human fetal lung cell atlas uncovers proximal-distal gradients of differentiation and key regulators of epithelial fates,pcw14_6332STDY9479171,4992,,,He,Cell,2022,https://cellxgene.cziscience.com/collections/2d2e2acd-dade-489f-a2da-6c11aa654028,lung,normal,2d2e2acd-dade-489f-a2da-6c11aa654028,04857e00-5d9b-4476-b783-2b895f799609,56139b1e-9fc5-4aab-9058-0102bc7cc74a,2af1aab1-f66b-4473-86e3-9b752adfd007,FALSE,,PUBLIC,Homo sapiens,TRUE,euclidean,TRUE,TRUE,TRUE,https://datasets.cellxgene.cziscience.com/2af1aab1-f66b-4473-86e3-9b752adfd007.h5ad
A human fetal lung cell atlas uncovers proximal-distal gradients of differentiation and key regulators of epithelial fates,pcw20_6332STDY10289522,4992,,,He,Cell,2022,https://cellxgene.cziscience.com/collections/2d2e2acd-dade-489f-a2da-6c11aa654028,lung,normal,2d2e2acd-dade-489f-a2da-6c11aa654028,04857e00-5d9b-4476-b783-2b895f799609,47a267c5-06f4-4d8b-afee-a4dc643fd9cd,ac9bd67e-10ea-4b0c-ab03-931f0bbea7a5,FALSE,,PUBLIC,Homo sapiens,TRUE,euclidean,TRUE,TRUE,TRUE,https://datasets.cellxgene.cziscience.com/ac9bd67e-10ea-4b0c-ab03-931f0bbea7a5.h5ad
A human fetal lung cell atlas uncovers proximal-distal gradients of differentiation and key regulators of epithelial fates,Organoid,70495,,,He,Cell,2022,https://cellxgene.cziscience.com/collections/2d2e2acd-dade-489f-a2da-6c11aa654028,lung | lung,normal,2d2e2acd-dade-489f-a2da-6c11aa654028,04857e00-5d9b-4476-b783-2b895f799609,4023a2bc-6325-47db-bfdf-9639e91042c2,0f3b1ca7-b1fa-4bfe-bcdd-a5fd5ffbbb47,FALSE,,PUBLIC,Homo sapiens,TRUE,euclidean,TRUE,TRUE,TRUE,https://datasets.cellxgene.cziscience.com/0f3b1ca7-b1fa-4bfe-bcdd-a5fd5ffbbb47.h5ad
A human fetal lung cell atlas uncovers proximal-distal gradients of differentiation and key regulators of epithelial fates,All cells,71752,,,He,Cell,2022,https://cellxgene.cziscience.com/collections/2d2e2acd-dade-489f-a2da-6c11aa654028,lung,normal,2d2e2acd-dade-489f-a2da-6c11aa654028,04857e00-5d9b-4476-b783-2b895f799609,3dc61ca1-ce40-46b6-8337-f27260fd9a03,1f4b6ec0-3583-4e96-ae0c-d10aeb77cb8e,FALSE,,PUBLIC,Homo sapiens,TRUE,euclidean,TRUE,TRUE,TRUE,https://datasets.cellxgene.cziscience.com/1f4b6ec0-3583-4e96-ae0c-d10aeb77cb8e.h5ad
A human fetal lung cell atlas uncovers proximal-distal gradients of differentiation and key regulators of epithelial fates,pcw20_6332STDY10289521,4992,,,He,Cell,2022,https://cellxgene.cziscience.com/collections/2d2e2acd-dade-489f-a2da-6c11aa654028,lung,normal,2d2e2acd-dade-489f-a2da-6c11aa654028,04857e00-5d9b-4476-b783-2b895f799609,30354fd6-4c1b-4083-b6da-8cfbcce1f7b9,4d2b667b-7256-4e85-8318-51d642fee54c,FALSE,,PUBLIC,Homo sapiens,TRUE,euclidean,TRUE,TRUE,TRUE,https://datasets.cellxgene.cziscience.com/4d2b667b-7256-4e85-8318-51d642fee54c.h5ad
A human fetal lung cell atlas uncovers proximal-distal gradients of differentiation and key regulators of epithelial fates,pcw20_6332STDY10289520,4992,,,He,Cell,2022,https://cellxgene.cziscience.com/collections/2d2e2acd-dade-489f-a2da-6c11aa654028,lung,normal,2d2e2acd-dade-489f-a2da-6c11aa654028,04857e00-5d9b-4476-b783-2b895f799609,2adc282f-60f1-4afa-a990-940065af4b53,81e5a223-81fa-4f16-8f23-7e1b639adf49,FALSE,,PUBLIC,Homo sapiens,TRUE,euclidean,TRUE,TRUE,TRUE,https://datasets.cellxgene.cziscience.com/81e5a223-81fa-4f16-8f23-7e1b639adf49.h5ad
A human fetal lung cell atlas uncovers proximal-distal gradients of differentiation and key regulators of epithelial fates,pcw12_6332STDY9479170,4992,,,He,Cell,2022,https://cellxgene.cziscience.com/collections/2d2e2acd-dade-489f-a2da-6c11aa654028,lung,normal,2d2e2acd-dade-489f-a2da-6c11aa654028,04857e00-5d9b-4476-b783-2b895f799609,1c6f271e-dfc0-48b5-8fb4-65d297a7666c,7b14a2b1-28b7-42c6-ab11-465700f5d007,FALSE,,PUBLIC,Homo sapiens,TRUE,euclidean,TRUE,TRUE,TRUE,https://datasets.cellxgene.cziscience.com/7b14a2b1-28b7-42c6-ab11-465700f5d007.h5ad
A human fetal lung cell atlas uncovers proximal-distal gradients of differentiation and key regulators of epithelial fates,pcw17_6332STDY9479169,4992,,,He,Cell,2022,https://cellxgene.cziscience.com/collections/2d2e2acd-dade-489f-a2da-6c11aa654028,lung,normal,2d2e2acd-dade-489f-a2da-6c11aa654028,04857e00-5d9b-4476-b783-2b895f799609,0c3901c3-2ef7-44e4-80cb-b281ea2b0de9,754aabd7-eb95-4f26-a62d-e31badc51dec,FALSE,,PUBLIC,Homo sapiens,TRUE,euclidean,TRUE,TRUE,TRUE,https://datasets.cellxgene.cziscience.com/754aabd7-eb95-4f26-a62d-e31badc51dec.h5ad
A human fetal lung cell atlas uncovers proximal-distal gradients of differentiation and key regulators of epithelial fates,Myeloid,6947,,,He,Cell,2022,https://cellxgene.cziscience.com/collections/2d2e2acd-dade-489f-a2da-6c11aa654028,lung,normal,2d2e2acd-dade-489f-a2da-6c11aa654028,04857e00-5d9b-4476-b783-2b895f799609,0ba16f4b-cb87-4fa3-9363-19fc51eec6e7,e84254b5-8eb9-4b41-b9d4-b8e6ceb273eb,FALSE,,PUBLIC,Homo sapiens,TRUE,euclidean,TRUE,TRUE,TRUE,https://datasets.cellxgene.cziscience.com/e84254b5-8eb9-4b41-b9d4-b8e6ceb273eb.h5ad
Single-cell RNA-seq analysis of Interstitial Lung Disease (ILD) subtypes,Single-cell RNA-seq analysis of Interstitial Lung Disease (ILD) subtypes,471905,,,Natri,Nat Genet,2024,https://cellxgene.cziscience.com/collections/07e12576-b41b-4350-adfc-059bfc4328ea,lung,anthracosis | hypersensitivity pneumonitis | interstitial lung disease | lymphoid interstitial pneumonia | non-specific interstitial pneumonia | normal | pulmonary sarcoidosis,07e12576-b41b-4350-adfc-059bfc4328ea,7f3a7ba1-111c-430b-baa7-4b4853883af9,f14bc322-1322-4184-8d16-409557525ea5,3d984e8c-bc37-4d36-8a3c-6651aa9a27e4,FALSE,,PUBLIC,Homo sapiens,TRUE,euclidean,TRUE,TRUE,TRUE,https://datasets.cellxgene.cziscience.com/3d984e8c-bc37-4d36-8a3c-6651aa9a27e4.h5ad
